-- phpMyAdmin SQL Dump
-- version 4.8.0.1
-- https://www.phpmyadmin.net/
--
-- Host: 127.0.0.1
-- Generation Time: Dec 21, 2019 at 06:30 PM
-- Server version: 10.1.32-MariaDB
-- PHP Version: 7.2.5

SET SQL_MODE = "NO_AUTO_VALUE_ON_ZERO";
SET AUTOCOMMIT = 0;
START TRANSACTION;
SET time_zone = "+00:00";


/*!40101 SET @OLD_CHARACTER_SET_CLIENT=@@CHARACTER_SET_CLIENT */;
/*!40101 SET @OLD_CHARACTER_SET_RESULTS=@@CHARACTER_SET_RESULTS */;
/*!40101 SET @OLD_COLLATION_CONNECTION=@@COLLATION_CONNECTION */;
/*!40101 SET NAMES utf8mb4 */;

--
-- Database: `laravel_api`
--

-- --------------------------------------------------------

--
-- Table structure for table `migrations`
--

CREATE TABLE `migrations` (
  `id` int(10) UNSIGNED NOT NULL,
  `migration` varchar(191) COLLATE utf8mb4_unicode_ci NOT NULL,
  `batch` int(11) NOT NULL
) ENGINE=InnoDB DEFAULT CHARSET=utf8mb4 COLLATE=utf8mb4_unicode_ci;

--
-- Dumping data for table `migrations`
--

INSERT INTO `migrations` (`id`, `migration`, `batch`) VALUES
(1, '2014_10_12_000000_create_users_table', 1),
(2, '2014_10_12_100000_create_password_resets_table', 1),
(3, '2019_12_21_174709_create_products_table', 1),
(4, '2019_12_21_174806_create_reviews_table', 1);

-- --------------------------------------------------------

--
-- Table structure for table `password_resets`
--

CREATE TABLE `password_resets` (
  `email` varchar(191) COLLATE utf8mb4_unicode_ci NOT NULL,
  `token` varchar(191) COLLATE utf8mb4_unicode_ci NOT NULL,
  `created_at` timestamp NULL DEFAULT NULL
) ENGINE=InnoDB DEFAULT CHARSET=utf8mb4 COLLATE=utf8mb4_unicode_ci;

-- --------------------------------------------------------

--
-- Table structure for table `products`
--

CREATE TABLE `products` (
  `id` int(10) UNSIGNED NOT NULL,
  `name` varchar(191) COLLATE utf8mb4_unicode_ci NOT NULL,
  `detail` text COLLATE utf8mb4_unicode_ci NOT NULL,
  `price` int(11) NOT NULL,
  `stock` int(11) NOT NULL,
  `discount` int(11) NOT NULL,
  `created_at` timestamp NULL DEFAULT NULL,
  `updated_at` timestamp NULL DEFAULT NULL
) ENGINE=InnoDB DEFAULT CHARSET=utf8mb4 COLLATE=utf8mb4_unicode_ci;

--
-- Dumping data for table `products`
--

INSERT INTO `products` (`id`, `name`, `detail`, `price`, `stock`, `discount`, `created_at`, `updated_at`) VALUES
(1, 'quibusdam', 'Rerum vero sed est repudiandae voluptatem. Odio eaque beatae reprehenderit esse autem dolorem iste voluptas. Doloremque iure nihil iure et qui aut deserunt. Occaecati voluptatem est sit voluptatem doloremque. Tempore vitae qui necessitatibus repudiandae et quidem.', 462, 4, 6, '2019-12-21 11:55:25', '2019-12-21 11:55:25'),
(2, 'dolores', 'Nesciunt nam et quam maxime et. Sed quos ut sint dolorem occaecati. Reprehenderit nemo quo aspernatur et blanditiis eveniet cum aut.', 202, 3, 5, '2019-12-21 11:55:26', '2019-12-21 11:55:26'),
(3, 'qui', 'Nobis ea atque molestiae doloremque doloremque iure rerum. Molestias ea magnam aliquam culpa commodi. Nam et quaerat officia optio. Quia vero qui corporis ut et aperiam impedit quia.', 631, 7, 9, '2019-12-21 11:55:26', '2019-12-21 11:55:26'),
(4, 'laborum', 'Impedit sed necessitatibus est consequatur cupiditate illo harum sed. Facilis quis minus error corporis suscipit autem. Facilis ut enim consequatur fuga. Id quos laborum eos omnis rerum.', 773, 5, 9, '2019-12-21 11:55:26', '2019-12-21 11:55:26'),
(5, 'excepturi', 'In delectus iusto quas cum. Laboriosam consequatur quasi est et nihil. Aut aperiam commodi neque voluptatum natus. Sit excepturi tempora dolor.', 181, 0, 27, '2019-12-21 11:55:26', '2019-12-21 11:55:26'),
(6, 'odit', 'Ipsam neque veniam recusandae ut rerum vel. Velit nam et aspernatur optio eum ut ea. Provident est voluptatem vel ut quam iusto et.', 142, 9, 10, '2019-12-21 11:55:26', '2019-12-21 11:55:26'),
(7, 'cum', 'Explicabo facilis a voluptates expedita id sint. Sed odio quia molestias ea accusantium enim eaque molestiae. Vitae perferendis necessitatibus excepturi.', 172, 8, 12, '2019-12-21 11:55:26', '2019-12-21 11:55:26'),
(8, 'voluptas', 'Ea sunt autem quas sed atque laborum. Libero minima reprehenderit officiis rerum. Laborum ipsam porro ut nemo architecto harum. Impedit neque et consequatur deserunt pariatur.', 219, 2, 7, '2019-12-21 11:55:26', '2019-12-21 11:55:26'),
(9, 'cupiditate', 'Enim sapiente quis dolores doloremque aut. Voluptates molestiae ut sit sunt. Provident et debitis et autem nemo provident. Itaque debitis porro eos.', 545, 7, 15, '2019-12-21 11:55:26', '2019-12-21 11:55:26'),
(10, 'laborum', 'Qui ratione mollitia sint doloribus. Exercitationem et quam enim aut. Est facere enim at ut eum.', 800, 3, 5, '2019-12-21 11:55:26', '2019-12-21 11:55:26'),
(11, 'earum', 'Dolorem non explicabo impedit odio laborum. Iste aut reprehenderit quis voluptas iure id ipsam.', 159, 0, 6, '2019-12-21 11:55:26', '2019-12-21 11:55:26'),
(12, 'magni', 'Quisquam blanditiis tempore modi. Qui id totam consequatur eligendi saepe. Laboriosam voluptatum ut voluptatem ducimus et et. Id fugiat et ab odit dicta.', 437, 9, 18, '2019-12-21 11:55:26', '2019-12-21 11:55:26'),
(13, 'sunt', 'Eveniet qui omnis quidem voluptatem quas dolorem est. Id enim ratione ipsam ut non.', 775, 6, 13, '2019-12-21 11:55:26', '2019-12-21 11:55:26'),
(14, 'et', 'Commodi necessitatibus cum officia odit delectus enim. In facilis nulla sint ipsa. Consequuntur officiis non id aperiam sunt ut.', 912, 8, 30, '2019-12-21 11:55:26', '2019-12-21 11:55:26'),
(15, 'sint', 'Neque rerum officia itaque et nesciunt non. Voluptatem quasi quis et sint est. Et nemo eius nulla atque facere eius magni.', 320, 8, 15, '2019-12-21 11:55:26', '2019-12-21 11:55:26'),
(16, 'qui', 'Dicta qui debitis commodi odio ipsa quaerat. Beatae minima tenetur amet voluptatem quia quia. Sit dolor aliquid tenetur.', 103, 0, 2, '2019-12-21 11:55:26', '2019-12-21 11:55:26'),
(17, 'ab', 'Eos cum non quo aut sunt quidem. Beatae nobis sed dolore. In distinctio laudantium nesciunt numquam doloremque voluptatibus. Adipisci quo nemo nam rerum.', 592, 8, 22, '2019-12-21 11:55:26', '2019-12-21 11:55:26'),
(18, 'praesentium', 'Doloribus et quidem ullam corporis et omnis aut. Ut nesciunt velit illo quis voluptatem dolor delectus sint. Nulla quae facere sit illo quidem maxime sit.', 828, 9, 18, '2019-12-21 11:55:26', '2019-12-21 11:55:26'),
(19, 'itaque', 'Mollitia autem commodi quasi est nostrum ad. Dolorum rerum eaque itaque sed amet. Quo expedita dolorem beatae blanditiis nemo dolorem fugit officia. In quis soluta reprehenderit excepturi voluptas ipsa fugiat. Saepe itaque iste maiores et exercitationem.', 262, 3, 5, '2019-12-21 11:55:26', '2019-12-21 11:55:26'),
(20, 'rerum', 'Aut nulla animi natus repellendus sit voluptate vero. Laudantium ex veniam voluptatum exercitationem nihil porro dolore suscipit. Alias porro eligendi repudiandae quas.', 259, 1, 12, '2019-12-21 11:55:26', '2019-12-21 11:55:26'),
(21, 'nihil', 'Hic dolorem esse possimus temporibus odio. Sit aliquam modi veritatis voluptatem quis reiciendis. Incidunt similique pariatur qui optio rerum. Molestias sed tenetur et impedit sint ullam.', 577, 4, 12, '2019-12-21 11:55:26', '2019-12-21 11:55:26'),
(22, 'reiciendis', 'Ut nihil accusamus et veritatis quisquam provident. Aspernatur ea culpa eveniet aliquid consectetur nulla. Provident sunt est enim earum in omnis deleniti.', 538, 6, 26, '2019-12-21 11:55:26', '2019-12-21 11:55:26'),
(23, 'soluta', 'Similique dolorem voluptas suscipit. Praesentium delectus vitae accusamus harum. Qui velit est consequatur porro. Ratione sapiente et sunt quam non. Dolore et labore perferendis hic officia voluptates.', 979, 6, 27, '2019-12-21 11:55:26', '2019-12-21 11:55:26'),
(24, 'quod', 'Voluptate eos sint temporibus. Qui qui ducimus magni aut expedita. Impedit officia atque sed libero necessitatibus dolores. Sapiente tempore excepturi iusto eaque architecto. Assumenda eligendi voluptatem eveniet dolore non rerum fuga dolorem.', 386, 2, 18, '2019-12-21 11:55:26', '2019-12-21 11:55:26'),
(25, 'deserunt', 'Quo et inventore quidem error doloremque at amet. Et repellendus hic illo commodi unde reprehenderit explicabo. Est fuga aliquam quasi voluptas iure asperiores. Adipisci dolore est rerum totam.', 594, 0, 24, '2019-12-21 11:55:26', '2019-12-21 11:55:26'),
(26, 'quidem', 'Dolores suscipit ipsa consequuntur libero iste delectus sequi exercitationem. Maiores rerum nobis quia modi. Quod libero sed corrupti consequatur.', 428, 1, 19, '2019-12-21 11:55:26', '2019-12-21 11:55:26'),
(27, 'excepturi', 'Officiis ut odit qui debitis totam rerum. Eligendi quod sint nostrum molestias. Est nisi dolorem ad quasi.', 530, 6, 21, '2019-12-21 11:55:26', '2019-12-21 11:55:26'),
(28, 'occaecati', 'Minima aliquid vel sed quia. Recusandae et ea aut et et. Voluptatem a ducimus saepe.', 606, 1, 19, '2019-12-21 11:55:26', '2019-12-21 11:55:26'),
(29, 'omnis', 'Ab quaerat asperiores nemo delectus voluptas rerum similique ut. Autem deleniti quidem provident veritatis amet quibusdam. Rerum totam perferendis accusantium sequi nostrum reprehenderit quam.', 656, 3, 8, '2019-12-21 11:55:26', '2019-12-21 11:55:26'),
(30, 'distinctio', 'Et consequatur eum qui officia suscipit eaque iusto minima. Eveniet ut quas fuga voluptatem et qui voluptatem. Cumque ad eaque laborum ducimus. At sint excepturi consequatur illo voluptatem est voluptatem. Accusamus consequatur atque et ut velit molestias.', 423, 7, 26, '2019-12-21 11:55:26', '2019-12-21 11:55:26'),
(31, 'tenetur', 'Molestiae minus illo et officiis dicta. Sunt consequatur a harum rem consequuntur fugit. Sed laudantium odit qui delectus repellat exercitationem.', 300, 9, 2, '2019-12-21 11:55:27', '2019-12-21 11:55:27'),
(32, 'minima', 'Facere eveniet quos maiores esse. Fugiat ad sit repellat sint et sunt qui.', 576, 0, 17, '2019-12-21 11:55:27', '2019-12-21 11:55:27'),
(33, 'error', 'Pariatur fugiat vitae qui expedita. Illo voluptatem possimus et quasi vel qui. Aperiam dignissimos ullam totam minus in et voluptates animi. Animi qui nulla fugit rerum nam qui fugit.', 280, 3, 12, '2019-12-21 11:55:27', '2019-12-21 11:55:27'),
(34, 'quo', 'Ea iure voluptatibus qui laborum voluptatem. At nemo fugiat at aut. Quis fuga quod deleniti exercitationem.', 203, 7, 22, '2019-12-21 11:55:27', '2019-12-21 11:55:27'),
(35, 'voluptas', 'Ipsum porro rem quas sed sit commodi rerum. Vitae aperiam voluptas magnam iste. Laudantium non molestiae doloribus eos aspernatur saepe et ut.', 693, 6, 30, '2019-12-21 11:55:27', '2019-12-21 11:55:27'),
(36, 'corrupti', 'Sunt qui est aut sit perferendis. Sunt perferendis cupiditate reiciendis sit sint. Quas excepturi eius tempore quasi quo.', 407, 7, 3, '2019-12-21 11:55:27', '2019-12-21 11:55:27'),
(37, 'cumque', 'Et qui voluptas quia sit animi. Ut a dolores enim amet. Vero sequi est quo aut. Quae sapiente quia mollitia.', 621, 5, 29, '2019-12-21 11:55:27', '2019-12-21 11:55:27'),
(38, 'incidunt', 'Voluptatem quibusdam facilis consequatur alias nihil. Tempore debitis similique beatae amet quo ut.', 410, 1, 27, '2019-12-21 11:55:27', '2019-12-21 11:55:27'),
(39, 'ex', 'Voluptatem voluptas et dolor. Excepturi blanditiis possimus animi neque. Distinctio et sit temporibus quo assumenda error excepturi. Ipsa et dolor voluptatem eligendi consequuntur.', 377, 8, 13, '2019-12-21 11:55:27', '2019-12-21 11:55:27'),
(40, 'quisquam', 'Pariatur veniam qui porro maiores. Et doloribus cum dolor quia nihil sequi. Dolor corporis impedit ipsa dolore est quam.', 828, 6, 14, '2019-12-21 11:55:27', '2019-12-21 11:55:27'),
(41, 'sit', 'Et rerum natus alias vitae debitis neque enim. Et et deleniti est sunt alias. Soluta amet enim voluptates voluptatum tempora quia occaecati. Rerum natus sunt occaecati provident aut autem voluptatem.', 360, 7, 3, '2019-12-21 11:55:27', '2019-12-21 11:55:27'),
(42, 'laudantium', 'Quam consequatur in assumenda reiciendis ipsa. Sunt temporibus sunt consequatur magni magni repellendus. Expedita omnis reprehenderit et vel et molestias.', 789, 1, 20, '2019-12-21 11:55:27', '2019-12-21 11:55:27'),
(43, 'autem', 'Asperiores dolor ut sed voluptatibus. Saepe non veritatis qui sunt corporis quis eos. Et rerum minima quaerat atque voluptates rem temporibus exercitationem. Est veritatis ratione itaque est ut est nobis.', 713, 0, 5, '2019-12-21 11:55:27', '2019-12-21 11:55:27'),
(44, 'odio', 'Sapiente est nisi maiores aut recusandae. Rerum veniam tenetur est dolores voluptatem. Ut sapiente nemo culpa explicabo et.', 133, 2, 4, '2019-12-21 11:55:27', '2019-12-21 11:55:27'),
(45, 'illo', 'Praesentium ea non voluptate minima repudiandae vel eos. Aut recusandae voluptatibus ut qui necessitatibus. Sed ut vel quisquam rerum numquam deleniti rem. Similique similique earum esse deleniti itaque. Qui fuga non ut quia.', 362, 6, 23, '2019-12-21 11:55:27', '2019-12-21 11:55:27'),
(46, 'itaque', 'At natus ducimus sit explicabo in ex tempore. Ut quisquam debitis laboriosam. Aliquam nihil veritatis delectus. Eius sint voluptate aspernatur natus sequi magnam cumque provident.', 484, 5, 23, '2019-12-21 11:55:27', '2019-12-21 11:55:27'),
(47, 'dignissimos', 'Minus ut et cum itaque sint minima rem. Molestias voluptate sunt id et velit est. Modi non et omnis cumque illo at. Voluptatem a magnam dolores et.', 271, 5, 3, '2019-12-21 11:55:27', '2019-12-21 11:55:27'),
(48, 'non', 'Quos qui debitis modi quaerat nihil facilis. Iste fuga ratione est sit inventore cumque.', 840, 2, 29, '2019-12-21 11:55:27', '2019-12-21 11:55:27'),
(49, 'mollitia', 'Omnis totam et eligendi. Id sit commodi veniam.', 905, 7, 18, '2019-12-21 11:55:27', '2019-12-21 11:55:27'),
(50, 'cupiditate', 'Quia sapiente autem quia fugiat eaque. Perspiciatis occaecati animi fuga excepturi molestias. Neque quos est velit et voluptatibus amet voluptates. Doloribus nulla sit et est consequatur tenetur blanditiis.', 744, 5, 6, '2019-12-21 11:55:27', '2019-12-21 11:55:27'),
(51, 'porro', 'Eveniet et quis doloremque sapiente esse tenetur. Voluptatum facere sit suscipit veniam. Et cupiditate esse vel soluta nesciunt. Officiis iste illo inventore recusandae necessitatibus rerum est.', 608, 4, 12, '2019-12-21 11:58:56', '2019-12-21 11:58:56'),
(52, 'totam', 'Voluptas et sint ex placeat. Sint fugit exercitationem sed asperiores at voluptatem.', 525, 0, 23, '2019-12-21 11:58:56', '2019-12-21 11:58:56'),
(53, 'aut', 'Occaecati recusandae et beatae aut dolorem. Ea ut nulla eius suscipit et. Velit sed corporis ipsam voluptatum.', 961, 2, 4, '2019-12-21 11:58:56', '2019-12-21 11:58:56'),
(54, 'laboriosam', 'Ratione consectetur maiores deleniti aut quia qui nihil praesentium. Placeat nobis illo quos sint rerum veritatis. Esse itaque praesentium voluptatem quaerat consequatur deserunt. Vero molestias molestiae ducimus quisquam vitae odio.', 909, 3, 21, '2019-12-21 11:58:56', '2019-12-21 11:58:56'),
(55, 'sunt', 'Est eius delectus corrupti quaerat amet est nemo. Sunt quaerat veniam numquam in dolorem soluta consequatur. Aut occaecati vel aspernatur repellendus rerum ipsa.', 172, 8, 21, '2019-12-21 11:58:56', '2019-12-21 11:58:56'),
(56, 'deserunt', 'Animi ut consequatur fugit sit aspernatur. Nobis dolores exercitationem dolorem et laborum. Aut hic quo quia officia explicabo deleniti nam vitae. Id vero rem laboriosam.', 304, 6, 22, '2019-12-21 11:58:57', '2019-12-21 11:58:57'),
(57, 'et', 'Vel nulla officia dolorem dolorum et maiores soluta dolorum. Unde vel ut corrupti repudiandae. Facere et et incidunt. Aliquid optio recusandae voluptates id alias.', 103, 2, 5, '2019-12-21 11:58:57', '2019-12-21 11:58:57'),
(58, 'eum', 'Fuga doloremque fuga unde tenetur eius atque. Totam inventore dicta totam quisquam enim nam eius et.', 448, 7, 14, '2019-12-21 11:58:57', '2019-12-21 11:58:57'),
(59, 'porro', 'Occaecati ut voluptates ex magnam enim ad. Amet maiores illo eaque blanditiis asperiores necessitatibus consequuntur. Facere eveniet est cumque quam ad. Quo sunt ab quod eos quam illum perspiciatis.', 954, 2, 20, '2019-12-21 11:58:57', '2019-12-21 11:58:57'),
(60, 'delectus', 'Debitis corrupti est voluptatum. Sapiente fugit a sunt exercitationem. Id voluptates quo aut necessitatibus quisquam.', 459, 0, 30, '2019-12-21 11:58:57', '2019-12-21 11:58:57'),
(61, 'non', 'Perferendis nulla necessitatibus rerum non tenetur. Ex aspernatur consequatur eum dolor beatae. Quis autem voluptates soluta.', 639, 6, 22, '2019-12-21 11:58:57', '2019-12-21 11:58:57'),
(62, 'vel', 'Fugit ut omnis qui doloremque voluptas. Rerum optio numquam sit qui porro. Molestiae pariatur dolorem in earum ea ut. Nihil illum cum id tempore voluptates.', 594, 3, 15, '2019-12-21 11:58:57', '2019-12-21 11:58:57'),
(63, 'voluptatum', 'Repellendus incidunt est sint doloribus ut. Minima aut ut dolore totam reprehenderit quisquam. Eveniet et unde corporis fugit porro est.', 466, 7, 20, '2019-12-21 11:58:57', '2019-12-21 11:58:57'),
(64, 'rerum', 'Vel nihil sed consequatur itaque et aliquam blanditiis. Velit excepturi eos sint voluptas laboriosam cum iure. Velit illum nam nulla quia. Nostrum in nobis eum. Voluptatem laboriosam odit vel quis incidunt.', 788, 8, 7, '2019-12-21 11:58:57', '2019-12-21 11:58:57'),
(65, 'hic', 'Quis iusto similique nemo ut tempore quasi. Qui dolorem aut dolorum excepturi nemo est accusamus. Fugit neque nesciunt id sunt sed aut deserunt ipsam. Sint officiis reiciendis porro consequuntur voluptatem.', 795, 8, 24, '2019-12-21 11:58:57', '2019-12-21 11:58:57'),
(66, 'sequi', 'Aut aut perferendis non deleniti fugit voluptatem. Aliquam quasi molestiae facilis sit. Eos explicabo modi qui eum maxime. Quas corrupti veritatis aut.', 823, 2, 15, '2019-12-21 11:58:57', '2019-12-21 11:58:57'),
(67, 'rerum', 'Rem velit dolor vitae nulla sint. Nulla ipsam dolore qui rem officia ducimus. Et error quaerat quam nihil.', 585, 4, 11, '2019-12-21 11:58:57', '2019-12-21 11:58:57'),
(68, 'nihil', 'Non dolore animi qui sit ullam dolore. Tempore et incidunt qui in tempora. Similique maxime expedita voluptatum ut pariatur qui. Sit consequuntur consequuntur quos quos molestiae tempore earum.', 326, 8, 25, '2019-12-21 11:58:57', '2019-12-21 11:58:57'),
(69, 'aliquam', 'Ea nostrum beatae voluptate et voluptatibus modi nihil. Sunt quia magnam incidunt inventore dolorum. Molestias eveniet non repellendus architecto maiores.', 968, 2, 22, '2019-12-21 11:58:57', '2019-12-21 11:58:57'),
(70, 'porro', 'Ex natus voluptatum earum cumque est illo. Sed nemo rerum qui ut quae.', 461, 6, 29, '2019-12-21 11:58:57', '2019-12-21 11:58:57'),
(71, 'ad', 'A saepe quis et alias voluptatibus. Eum consectetur et ipsam at et. Quibusdam magni reprehenderit rerum ut cupiditate incidunt.', 435, 0, 16, '2019-12-21 11:58:57', '2019-12-21 11:58:57'),
(72, 'qui', 'Possimus voluptates et corrupti et ut temporibus qui deserunt. Expedita deleniti non saepe illum.', 183, 9, 28, '2019-12-21 11:58:57', '2019-12-21 11:58:57'),
(73, 'inventore', 'Sapiente tempore ea et quo. Accusamus itaque laudantium consectetur et enim. Explicabo quas quae nihil corrupti assumenda est odio fugit. Culpa dolor ut odio dolore voluptate perferendis.', 503, 8, 14, '2019-12-21 11:58:57', '2019-12-21 11:58:57'),
(74, 'autem', 'Et nulla qui molestiae qui culpa iste voluptatibus. Reiciendis sit qui nostrum vel dolorum voluptas. Possimus nesciunt fuga quis qui nihil in beatae.', 567, 7, 13, '2019-12-21 11:58:57', '2019-12-21 11:58:57'),
(75, 'ea', 'Et sed necessitatibus aut officia suscipit. Ad ea soluta officiis atque totam. Dolorem et tenetur eos est et.', 772, 8, 28, '2019-12-21 11:58:57', '2019-12-21 11:58:57'),
(76, 'a', 'Ab officia assumenda repellendus deleniti perferendis accusamus est. Consequatur est libero minima voluptatibus. Cumque nostrum voluptas similique eum voluptatem velit. Libero a velit sit saepe recusandae repellendus perferendis.', 228, 9, 22, '2019-12-21 11:58:57', '2019-12-21 11:58:57'),
(77, 'sunt', 'Dolorum sunt sed numquam consequatur. Sit aut quia voluptate in. Sed deleniti est sunt omnis. Labore deserunt voluptates voluptas exercitationem soluta molestiae nisi.', 257, 9, 21, '2019-12-21 11:58:57', '2019-12-21 11:58:57'),
(78, 'in', 'Saepe fugit ratione deserunt tempora assumenda repudiandae. Illo qui quis voluptas consequatur. Occaecati aut eos in exercitationem. Quisquam rem dolor et quibusdam quos.', 550, 5, 9, '2019-12-21 11:58:57', '2019-12-21 11:58:57'),
(79, 'illum', 'Iste quia rerum cum possimus ut eius. Ea laboriosam a dolorum laudantium. Perspiciatis placeat sunt voluptas voluptatem dolor perspiciatis.', 453, 1, 9, '2019-12-21 11:58:57', '2019-12-21 11:58:57'),
(80, 'ipsa', 'Recusandae laborum et optio in repellendus ea qui. Iusto non expedita dicta maxime.', 173, 2, 18, '2019-12-21 11:58:57', '2019-12-21 11:58:57'),
(81, 'tempora', 'Neque quis ipsum perspiciatis quae. Et dolorem molestiae dolorem voluptatibus ut a aut. Id delectus inventore beatae nesciunt aut facilis sequi. Tempore enim aperiam cupiditate quae culpa iure.', 388, 1, 20, '2019-12-21 11:58:57', '2019-12-21 11:58:57'),
(82, 'sed', 'Occaecati ipsum aut dolor facilis adipisci. Omnis quisquam provident cum voluptas voluptas assumenda debitis.', 923, 6, 25, '2019-12-21 11:58:57', '2019-12-21 11:58:57'),
(83, 'dolor', 'Culpa minus excepturi enim enim cumque quia quo. Numquam aut perspiciatis itaque ut voluptatem laudantium dignissimos. Sit molestias unde dolore nulla. Rem expedita qui in occaecati omnis et ea. Qui ut vero laudantium maxime.', 911, 9, 16, '2019-12-21 11:58:57', '2019-12-21 11:58:57'),
(84, 'nihil', 'Ad deleniti nostrum laudantium aut voluptas ullam sint. Neque numquam est autem.', 114, 4, 30, '2019-12-21 11:58:57', '2019-12-21 11:58:57'),
(85, 'dolorem', 'Ipsam voluptates sit corporis maiores. Deleniti amet qui culpa minus quia optio. Cum exercitationem voluptas labore eos molestiae qui aut sed.', 462, 0, 17, '2019-12-21 11:58:57', '2019-12-21 11:58:57'),
(86, 'possimus', 'Adipisci corporis placeat molestiae voluptatum et velit amet. Vel et et nulla sed rerum animi. Vel voluptatem velit quae eum. Quo aut velit est at in minus tempore.', 825, 2, 15, '2019-12-21 11:58:57', '2019-12-21 11:58:57'),
(87, 'sit', 'Debitis accusantium harum minima aut voluptas sed. Dolorum soluta nostrum distinctio dignissimos beatae quasi architecto. Aut laborum odit debitis ipsum nulla. Eos sapiente ut et modi ex.', 233, 4, 27, '2019-12-21 11:58:57', '2019-12-21 11:58:57'),
(88, 'rerum', 'Hic delectus ad omnis aut sit quia. Iusto aliquam magni incidunt. Enim odio maiores et et. Omnis fugit sunt quidem eligendi provident atque voluptatem.', 492, 4, 3, '2019-12-21 11:58:57', '2019-12-21 11:58:57'),
(89, 'similique', 'Commodi delectus facilis temporibus qui eius. Voluptatibus ut inventore est et quae cupiditate consequatur quis. Laudantium quo ratione eum quo dicta aut. Placeat cupiditate ratione laudantium. Aperiam voluptas repellendus aut consequuntur sed consequatur totam.', 583, 2, 14, '2019-12-21 11:58:57', '2019-12-21 11:58:57'),
(90, 'esse', 'Magni impedit quasi est saepe qui natus soluta. Alias nulla ut qui dignissimos voluptate ducimus et. Recusandae ab ea minus natus ut mollitia vel. Voluptatum animi maxime labore maiores voluptatum animi voluptas. Necessitatibus magni molestiae et vel dicta dignissimos rerum.', 863, 9, 11, '2019-12-21 11:58:57', '2019-12-21 11:58:57'),
(91, 'dolor', 'Non perspiciatis et similique architecto. Praesentium nihil aut maxime voluptatem. Iure et tempora harum odio debitis.', 673, 9, 26, '2019-12-21 11:58:58', '2019-12-21 11:58:58'),
(92, 'necessitatibus', 'Tempore quam dolor repudiandae nostrum et eius. Aspernatur rerum et qui laudantium alias dolor esse qui. Non dolor aut aspernatur incidunt sint voluptate rem cum.', 623, 6, 15, '2019-12-21 11:58:58', '2019-12-21 11:58:58'),
(93, 'eos', 'Totam quibusdam neque inventore ut sapiente. Aliquid architecto deserunt rerum. Debitis sint ex sed et. Dolorum id inventore cum assumenda minima ipsa. Perferendis et et voluptas voluptatum libero.', 730, 5, 17, '2019-12-21 11:58:58', '2019-12-21 11:58:58'),
(94, 'incidunt', 'Tenetur dolor modi nesciunt qui. Autem eos nam culpa et eius. Delectus cupiditate voluptatem necessitatibus aut minus sapiente asperiores.', 828, 7, 29, '2019-12-21 11:58:58', '2019-12-21 11:58:58'),
(95, 'harum', 'Beatae est laboriosam ut itaque sint necessitatibus autem blanditiis. Quae deleniti praesentium numquam aperiam animi dolorem. Voluptatem error consequatur consequatur laborum eius.', 628, 1, 10, '2019-12-21 11:58:58', '2019-12-21 11:58:58'),
(96, 'et', 'Hic dolorem fugit enim molestias. Unde vel est voluptates dolore et quis voluptatem. Ut enim ex nulla quia qui unde vitae. Qui quos enim quidem cum minus quis voluptatem.', 513, 7, 8, '2019-12-21 11:58:58', '2019-12-21 11:58:58'),
(97, 'rem', 'Debitis nobis dolorem qui sint cumque illum. Aut qui veniam et perferendis incidunt asperiores. Vitae neque voluptatibus eaque ducimus. Eaque delectus vel odio sit.', 864, 8, 26, '2019-12-21 11:58:58', '2019-12-21 11:58:58'),
(98, 'libero', 'Corrupti odit et soluta enim minima enim. Sint illum et nobis non velit sint. Ea laboriosam sit nihil error voluptates voluptatem.', 811, 7, 19, '2019-12-21 11:58:58', '2019-12-21 11:58:58'),
(99, 'quisquam', 'Repellat dolor iusto nostrum consequatur distinctio. Eum soluta mollitia sint incidunt. Minus atque enim qui voluptatibus qui.', 642, 4, 28, '2019-12-21 11:58:58', '2019-12-21 11:58:58'),
(100, 'temporibus', 'Iusto quia cum voluptas illo. Atque natus temporibus omnis harum quam repellat quas. Commodi laboriosam eum est voluptate quas optio quia ad. Provident aspernatur doloremque perspiciatis illo enim.', 260, 4, 29, '2019-12-21 11:58:58', '2019-12-21 11:58:58');

-- --------------------------------------------------------

--
-- Table structure for table `reviews`
--

CREATE TABLE `reviews` (
  `id` int(10) UNSIGNED NOT NULL,
  `product_id` int(10) UNSIGNED NOT NULL,
  `customer` varchar(191) COLLATE utf8mb4_unicode_ci NOT NULL,
  `review` text COLLATE utf8mb4_unicode_ci NOT NULL,
  `star` int(11) NOT NULL,
  `created_at` timestamp NULL DEFAULT NULL,
  `updated_at` timestamp NULL DEFAULT NULL
) ENGINE=InnoDB DEFAULT CHARSET=utf8mb4 COLLATE=utf8mb4_unicode_ci;

--
-- Dumping data for table `reviews`
--

INSERT INTO `reviews` (`id`, `product_id`, `customer`, `review`, `star`, `created_at`, `updated_at`) VALUES
(1, 70, 'Nia Barton', 'A ea ut aut qui cum. Qui non architecto aspernatur sunt. Non numquam at maxime accusantium placeat.', 0, '2019-12-21 11:58:59', '2019-12-21 11:58:59'),
(2, 91, 'Gail Wyman', 'A velit sed repellendus deserunt. Rerum porro et nam consequuntur. Ullam et aut est in voluptate.', 5, '2019-12-21 11:58:59', '2019-12-21 11:58:59'),
(3, 16, 'Dr. Letitia Rippin II', 'Est harum voluptatem harum inventore inventore dolore quas autem. Animi doloribus officiis et illum possimus sit minus. Reprehenderit amet blanditiis fuga officia. Fuga nemo amet sed nihil est minima eos.', 2, '2019-12-21 11:58:59', '2019-12-21 11:58:59'),
(4, 63, 'Agustin Dibbert', 'Quo optio corrupti qui non dolorem esse molestiae. Nemo eos possimus dolorem. Esse beatae sed dolores.', 0, '2019-12-21 11:58:59', '2019-12-21 11:58:59'),
(5, 59, 'Ardella Gleichner', 'Qui magni quaerat illum accusamus. Autem esse pariatur atque laboriosam. Consequuntur dolores adipisci omnis dolor sed dolorem.', 0, '2019-12-21 11:58:59', '2019-12-21 11:58:59'),
(6, 29, 'Prof. Adolph Hermann DVM', 'Eveniet neque dignissimos officia consectetur. Veritatis atque illo consequuntur provident non adipisci. Rerum quo tempora amet sapiente iure accusantium provident.', 5, '2019-12-21 11:58:59', '2019-12-21 11:58:59'),
(7, 5, 'Melvin Grady', 'Autem qui qui laborum quia nihil vel sit facilis. Odit sapiente non deserunt qui deserunt ut enim. Perferendis omnis a eligendi labore. Ex iure quibusdam aut aut nemo aperiam.', 4, '2019-12-21 11:58:59', '2019-12-21 11:58:59'),
(8, 73, 'Prof. Guy Morissette IV', 'Nemo nostrum sit sequi culpa dolor rerum perspiciatis. Sequi quisquam modi aut fuga impedit. Enim voluptatem itaque fuga quam sunt voluptatem et. Ad exercitationem ducimus rerum et molestiae ratione.', 4, '2019-12-21 11:59:00', '2019-12-21 11:59:00'),
(9, 78, 'Mr. Sofia White Sr.', 'Eos iusto eos quo quas ex. Molestiae expedita sapiente qui magni. Quo adipisci voluptatum explicabo alias. Facilis et quo sed enim. Itaque molestias temporibus a qui sunt.', 1, '2019-12-21 11:59:00', '2019-12-21 11:59:00'),
(10, 55, 'Ora Kuvalis', 'Dicta fugit doloribus voluptatem aliquid autem voluptatem expedita neque. Placeat non placeat a tenetur. Non tenetur reprehenderit aut rerum corrupti. Neque doloribus dolores adipisci quisquam deserunt esse illum. Officiis officia doloremque voluptatibus nemo aut doloribus fugit.', 3, '2019-12-21 11:59:00', '2019-12-21 11:59:00'),
(11, 48, 'Dolores Turner', 'Laudantium animi id dignissimos dicta dolores. Pariatur atque quae quia aut id voluptatibus. Dicta et itaque sed excepturi. Ut autem omnis pariatur est.', 2, '2019-12-21 11:59:00', '2019-12-21 11:59:00'),
(12, 60, 'Dana Kertzmann', 'Ab adipisci pariatur eius eius. Repellat tempora enim ducimus consequatur.', 4, '2019-12-21 11:59:00', '2019-12-21 11:59:00'),
(13, 41, 'Lyda Schroeder II', 'Nobis enim qui ut pariatur ex qui. Alias sed doloribus eius qui sit itaque. Sed molestiae soluta omnis.', 4, '2019-12-21 11:59:00', '2019-12-21 11:59:00'),
(14, 80, 'Elsie Heidenreich', 'Odio et aut nulla nihil dolores consequatur odit. Porro mollitia tempore natus autem. Nostrum eius praesentium ipsam ut temporibus.', 1, '2019-12-21 11:59:00', '2019-12-21 11:59:00'),
(15, 29, 'Myrtis Becker', 'Sed sed odit ipsam. Perspiciatis dignissimos nostrum expedita odit. Enim reiciendis facilis ex magni.', 3, '2019-12-21 11:59:00', '2019-12-21 11:59:00'),
(16, 41, 'Valentin Quitzon', 'Non dolor voluptas possimus placeat quia. In voluptas aspernatur quidem qui voluptas vero. Velit temporibus est et error. Aspernatur sit atque amet commodi sint. Architecto et delectus facilis occaecati sunt similique.', 5, '2019-12-21 11:59:00', '2019-12-21 11:59:00'),
(17, 98, 'Bo Klein', 'Vel eum in dolorem facilis eligendi totam mollitia. Sint dignissimos recusandae voluptatem debitis quis perferendis reiciendis. Quae natus dolor nihil veniam.', 5, '2019-12-21 11:59:00', '2019-12-21 11:59:00'),
(18, 36, 'Dr. Foster Jacobson', 'Dicta quas non vero nesciunt hic. Magnam consequatur veniam vitae eos. Labore ut facere velit autem.', 4, '2019-12-21 11:59:00', '2019-12-21 11:59:00'),
(19, 69, 'Richmond Carter', 'Qui in nisi quisquam nam quos perspiciatis. Dolore officiis et voluptatem nostrum molestiae. Enim expedita illo accusamus nam sed et velit rem.', 4, '2019-12-21 11:59:00', '2019-12-21 11:59:00'),
(20, 46, 'Prof. Jose Wiegand', 'Reprehenderit voluptatibus debitis debitis a occaecati. Est iste ab omnis inventore eos quia nihil. Quis hic reiciendis numquam dolores. Labore consequatur non rem repellat qui enim.', 1, '2019-12-21 11:59:00', '2019-12-21 11:59:00'),
(21, 79, 'Else Fritsch', 'Ab tempora est ut voluptas. Ullam vel amet quia tenetur. Veritatis dignissimos quo ipsa. Blanditiis veritatis vero ut aliquam et non perspiciatis.', 2, '2019-12-21 11:59:00', '2019-12-21 11:59:00'),
(22, 37, 'Mona Frami', 'Et veritatis molestias ea ut eveniet soluta. Quos quia eius consectetur itaque enim ducimus. Autem esse itaque quia qui ut optio molestiae. Unde voluptatem qui et nihil sequi molestiae autem dolores.', 2, '2019-12-21 11:59:00', '2019-12-21 11:59:00'),
(23, 66, 'Elinor Schimmel I', 'Aut est eos quidem harum quas repellat suscipit. Vel reprehenderit nulla ut reprehenderit. Dolore molestias et dolores deleniti enim.', 4, '2019-12-21 11:59:00', '2019-12-21 11:59:00'),
(24, 95, 'Mafalda Brown', 'Totam eveniet est non enim expedita corrupti. Quo saepe rem sed voluptas. Incidunt omnis officia accusantium nemo. Eos laborum ut ducimus eum ut facilis.', 3, '2019-12-21 11:59:00', '2019-12-21 11:59:00'),
(25, 2, 'Rolando Schaden', 'Quasi sapiente culpa ut iusto praesentium sint. Harum excepturi sit consequatur voluptas a voluptate suscipit.', 0, '2019-12-21 11:59:00', '2019-12-21 11:59:00'),
(26, 47, 'Michaela Abshire', 'Nihil fugiat dolor itaque et dolorem dolor accusantium. Ea et sit nesciunt illum sequi qui. Rerum sit facere facilis nisi voluptates et quod enim.', 2, '2019-12-21 11:59:00', '2019-12-21 11:59:00'),
(27, 65, 'Else Kohler', 'Ut sunt itaque assumenda illum iste nostrum minima quo. Ipsam in aut sint libero ut earum. Alias dicta iure possimus vero.', 3, '2019-12-21 11:59:00', '2019-12-21 11:59:00'),
(28, 65, 'Javonte Mayert', 'Facilis nobis nostrum velit sequi rerum. Nihil totam qui consequuntur dolores. Enim excepturi ex sit pariatur quos fuga est. Laudantium in minus ratione veritatis. Voluptas earum nobis dolor placeat.', 4, '2019-12-21 11:59:00', '2019-12-21 11:59:00'),
(29, 3, 'Ray Nolan', 'Qui non aut doloremque nihil perspiciatis dolore. Vel aspernatur voluptas sed labore. Alias ea velit nulla rerum.', 2, '2019-12-21 11:59:00', '2019-12-21 11:59:00'),
(30, 26, 'Wilfred Bailey', 'Dolorem occaecati et inventore dolores dolorum consequatur dolores. Esse qui fugit distinctio atque adipisci odit. Fuga est ipsa sint molestiae consequatur velit.', 0, '2019-12-21 11:59:00', '2019-12-21 11:59:00'),
(31, 37, 'Ralph Boyle', 'Quo facilis voluptatem blanditiis molestiae blanditiis fuga dignissimos. Quidem voluptatem praesentium voluptatem consectetur laborum beatae quaerat ad. Et architecto eaque ratione eum labore. Eaque pariatur amet ut laborum rerum omnis impedit consequuntur.', 3, '2019-12-21 11:59:00', '2019-12-21 11:59:00'),
(32, 64, 'Aletha Larson', 'Ipsa aut soluta rerum. Vel omnis sunt omnis quo harum voluptatem dolores. Deserunt eius id quo eius.', 2, '2019-12-21 11:59:00', '2019-12-21 11:59:00'),
(33, 95, 'Kaycee Jakubowski', 'Voluptate rerum dolorem eaque magni ut id voluptatem. Nobis porro nemo deserunt. Et qui et qui voluptas repellendus. Ea alias molestias tenetur et. Neque nemo laborum modi optio nisi similique assumenda iure.', 4, '2019-12-21 11:59:00', '2019-12-21 11:59:00'),
(34, 34, 'Antwan Stokes', 'Minus et asperiores soluta id. Accusantium delectus eum cumque quas velit rerum quia.', 1, '2019-12-21 11:59:00', '2019-12-21 11:59:00'),
(35, 72, 'Marlon Kris', 'Animi non minus nam ducimus voluptatibus sequi voluptatem. Non accusantium iure tempora minima est.', 5, '2019-12-21 11:59:00', '2019-12-21 11:59:00'),
(36, 64, 'Prof. Alvis Gerlach', 'Cumque nihil ea eligendi et. Ad et aperiam occaecati sapiente. Harum et nulla modi corrupti minus fugit.', 3, '2019-12-21 11:59:00', '2019-12-21 11:59:00'),
(37, 81, 'Addie Donnelly', 'Adipisci et ut vitae iste. Nihil quibusdam soluta et non.', 3, '2019-12-21 11:59:00', '2019-12-21 11:59:00'),
(38, 99, 'Jarrett Vandervort', 'Qui architecto id sapiente. Sed ex tempora amet enim. Sunt sunt nulla qui qui est et. Consectetur autem cumque deserunt sint non inventore porro.', 4, '2019-12-21 11:59:00', '2019-12-21 11:59:00'),
(39, 79, 'Clemmie Runolfsdottir DDS', 'Delectus non sed cumque quo est consequuntur omnis cupiditate. Quam quia mollitia et aut facilis omnis. Eligendi tempore excepturi quia impedit iure.', 2, '2019-12-21 11:59:00', '2019-12-21 11:59:00'),
(40, 97, 'Janet Sawayn', 'Eos est cumque in ea. Placeat quibusdam vero saepe perferendis. Veniam earum porro autem. Velit eaque quis velit in reiciendis libero aut soluta.', 1, '2019-12-21 11:59:00', '2019-12-21 11:59:00'),
(41, 76, 'Miss Kaycee Nikolaus MD', 'Et id doloremque sit. Iure nisi et reiciendis sint. Molestias explicabo quia odio minima eum ex doloribus. Tempore deserunt a itaque temporibus et ut sit.', 4, '2019-12-21 11:59:00', '2019-12-21 11:59:00'),
(42, 87, 'Dr. Adriel Kertzmann V', 'Nulla quidem non vitae ea. Ut voluptatem accusamus maxime. Similique mollitia ea aut eveniet sed error. Atque esse eaque molestias molestias sit.', 3, '2019-12-21 11:59:00', '2019-12-21 11:59:00'),
(43, 44, 'Alexandrea Mosciski V', 'Aut et accusantium quod unde voluptatem tempore id. Qui delectus vel accusantium ut cupiditate cumque. Minus voluptas quis quasi harum unde minima blanditiis.', 3, '2019-12-21 11:59:00', '2019-12-21 11:59:00'),
(44, 32, 'Emory Emmerich', 'In voluptatem ab voluptas ut esse. Minus repudiandae rerum voluptatibus facilis et dicta. Dolor pariatur et id et est hic asperiores. Qui vel eum autem quo ut expedita asperiores.', 5, '2019-12-21 11:59:00', '2019-12-21 11:59:00'),
(45, 24, 'Ms. Alyson Macejkovic DDS', 'Aliquid et tempore autem ea illo. Voluptatem laborum et eaque recusandae omnis cumque. Aut est sed ut facere saepe minima non.', 0, '2019-12-21 11:59:00', '2019-12-21 11:59:00'),
(46, 74, 'Ms. Anika Wolff Jr.', 'Ut magnam vitae iste atque voluptas odio. Facere maiores voluptate ex ab ut numquam. Nesciunt laudantium ex unde iste dolor blanditiis error ex.', 1, '2019-12-21 11:59:00', '2019-12-21 11:59:00'),
(47, 85, 'Kirk Prosacco', 'In cumque aut tempora voluptatem voluptate qui saepe. Voluptate impedit incidunt nobis. Aut quisquam recusandae enim nihil est nobis illo.', 2, '2019-12-21 11:59:00', '2019-12-21 11:59:00'),
(48, 46, 'Aurelia Kling', 'Totam accusantium aliquid ut voluptatum. Distinctio possimus eum ut vel dolores impedit labore possimus. Laboriosam aut aliquam perferendis vel corporis quam.', 2, '2019-12-21 11:59:01', '2019-12-21 11:59:01'),
(49, 47, 'Sigmund Bahringer PhD', 'Ad delectus amet quaerat doloremque vel qui rem consequatur. Illum iure unde culpa voluptates recusandae mollitia.', 4, '2019-12-21 11:59:01', '2019-12-21 11:59:01'),
(50, 5, 'Anabelle Parisian', 'Suscipit et consequatur perspiciatis est et et. Quod itaque rerum impedit ratione eaque. Est non fuga inventore qui atque velit. Sit quo vero deleniti magni.', 4, '2019-12-21 11:59:01', '2019-12-21 11:59:01'),
(51, 6, 'Era Moore', 'Quia et ab molestiae commodi ullam sequi. Minus doloribus iure fuga fugit. Esse soluta omnis consectetur rerum qui ea. Velit facilis qui repudiandae qui.', 1, '2019-12-21 11:59:01', '2019-12-21 11:59:01'),
(52, 60, 'Mr. Dusty Collier III', 'Natus debitis illum ut. Et ullam ullam ab accusamus. Exercitationem consequatur voluptatem similique et vitae repellat pariatur fugit. Minus autem id et aut molestias omnis.', 5, '2019-12-21 11:59:01', '2019-12-21 11:59:01'),
(53, 96, 'Mr. Kory Mayer DVM', 'Sunt et maiores fuga omnis quibusdam ratione cumque. Est rem sit sit possimus necessitatibus nam voluptas. Dolores autem reiciendis ab deserunt et porro adipisci aliquid. Distinctio tempore asperiores iure incidunt.', 5, '2019-12-21 11:59:01', '2019-12-21 11:59:01'),
(54, 72, 'Mariam Stamm', 'Id quae temporibus consectetur quaerat harum. Repellat nulla velit soluta. Vel dolores molestiae sint reiciendis sed. Labore quidem non animi distinctio omnis sint quidem.', 2, '2019-12-21 11:59:01', '2019-12-21 11:59:01'),
(55, 15, 'Bianka Von IV', 'Vitae voluptas consectetur exercitationem recusandae. Velit sit mollitia placeat quisquam voluptatem omnis. Est labore maiores est quae laudantium. Ratione tempora laudantium expedita eius cum occaecati hic.', 5, '2019-12-21 11:59:01', '2019-12-21 11:59:01'),
(56, 31, 'Mateo Ryan', 'Consequuntur tempora aut voluptas quod aut. Sed ex omnis reiciendis maiores excepturi. Explicabo consequatur inventore ad et. Unde adipisci itaque optio molestias aut sunt iure.', 2, '2019-12-21 11:59:01', '2019-12-21 11:59:01'),
(57, 77, 'Obie Doyle', 'Occaecati hic dolores numquam quia fuga aperiam. Aperiam animi ab dolorem expedita voluptatem illo at. Dolorem a quibusdam iure quidem et. Ea dicta perspiciatis vitae.', 2, '2019-12-21 11:59:01', '2019-12-21 11:59:01'),
(58, 53, 'Miss Nola Lebsack', 'Cupiditate sint eius fugit qui vitae ab. Maiores qui perferendis quam earum sunt ut. Non et omnis iure maxime. Ea in qui aut dolor blanditiis.', 4, '2019-12-21 11:59:01', '2019-12-21 11:59:01'),
(59, 87, 'Jerod Hills', 'Corporis maiores modi sequi aspernatur. Qui nobis qui qui deleniti autem provident. Itaque repellat rerum ipsum repudiandae id. Atque velit distinctio aut accusantium ut.', 4, '2019-12-21 11:59:01', '2019-12-21 11:59:01'),
(60, 83, 'Violette Johnston', 'Nobis et maiores corrupti. Modi eum temporibus voluptatem hic. Laudantium voluptates doloremque nemo qui.', 5, '2019-12-21 11:59:01', '2019-12-21 11:59:01'),
(61, 29, 'Wyatt Hill', 'Odio assumenda blanditiis nulla qui iste nesciunt ut ullam. Deserunt aut quaerat error quos.', 3, '2019-12-21 11:59:01', '2019-12-21 11:59:01'),
(62, 69, 'Ms. Annabell Bauch III', 'Ut corporis quibusdam quae ipsa. Vel sit repellat voluptatem praesentium at. Magnam commodi illo eum ut doloribus reprehenderit.', 3, '2019-12-21 11:59:01', '2019-12-21 11:59:01'),
(63, 97, 'Ms. Eliane Lubowitz PhD', 'Nesciunt inventore ut laboriosam sint fuga culpa libero. Veritatis ducimus magni facilis natus amet. Enim eum quod minus commodi et.', 2, '2019-12-21 11:59:01', '2019-12-21 11:59:01'),
(64, 49, 'Ms. Luna Wisozk', 'Tenetur nostrum velit aut ipsum sint totam. Excepturi saepe aut repudiandae ad suscipit.', 0, '2019-12-21 11:59:01', '2019-12-21 11:59:01'),
(65, 60, 'Dr. Heloise Witting I', 'Temporibus ea et ullam placeat molestiae dignissimos. Qui aut velit pariatur aut quisquam neque et. Voluptatibus qui totam autem adipisci eum amet.', 2, '2019-12-21 11:59:01', '2019-12-21 11:59:01'),
(66, 80, 'Guy Frami', 'Eius et minima eos adipisci voluptate beatae laboriosam dolorem. Eum perferendis quibusdam odit. Ut voluptas et et neque.', 2, '2019-12-21 11:59:01', '2019-12-21 11:59:01'),
(67, 74, 'Isabel Powlowski', 'Rerum qui ut ex dolorum. Officiis at suscipit culpa sequi. Rerum et repellat fuga. Id vel incidunt in omnis est in. Natus porro eum omnis sed quis sunt et.', 2, '2019-12-21 11:59:01', '2019-12-21 11:59:01'),
(68, 44, 'Davonte McLaughlin', 'Quis aliquam iure dolores sit cum dolores repudiandae. Quam ut possimus officiis reiciendis sed doloremque necessitatibus. Voluptatem dolorum dolores quae quisquam sint. Sed adipisci illo ab molestiae sint.', 4, '2019-12-21 11:59:01', '2019-12-21 11:59:01'),
(69, 6, 'Bette Mitchell', 'Beatae asperiores sed beatae sint dolores. Itaque quae at praesentium aliquid. Minima tenetur quia autem nihil cumque enim recusandae consequuntur. Veritatis et ea est labore autem possimus cum. Sequi a accusamus est facere voluptatem.', 2, '2019-12-21 11:59:01', '2019-12-21 11:59:01'),
(70, 15, 'Holly Hansen', 'Eveniet sunt ut laborum eum laborum at provident. Minus mollitia voluptas molestias minima nesciunt. Aliquid non sunt ipsum ad. Recusandae ad voluptatem repudiandae repudiandae voluptate ut.', 4, '2019-12-21 11:59:01', '2019-12-21 11:59:01'),
(71, 10, 'Miss Fleta O\'Keefe', 'Tempore velit blanditiis ut provident. Minima qui consequatur ad veniam velit commodi itaque corrupti. Laboriosam voluptate voluptas ducimus modi dolores.', 4, '2019-12-21 11:59:01', '2019-12-21 11:59:01'),
(72, 98, 'Anderson Swaniawski IV', 'Nisi possimus voluptatem soluta quo ut est quod. Non aut et vitae. Autem autem deleniti tenetur cumque qui. Sed rerum mollitia laboriosam iusto quas omnis et.', 1, '2019-12-21 11:59:01', '2019-12-21 11:59:01'),
(73, 20, 'Rhoda Marquardt Sr.', 'Fugiat aut et error laboriosam magni. Saepe ut aspernatur laborum id quia soluta.', 0, '2019-12-21 11:59:01', '2019-12-21 11:59:01'),
(74, 4, 'Dr. Neoma Stroman Jr.', 'Ipsum non officia accusamus non mollitia et illum. Sunt ipsam magni aut possimus. Et fuga ea porro nostrum commodi veniam maiores.', 1, '2019-12-21 11:59:01', '2019-12-21 11:59:01'),
(75, 79, 'Mrs. Lauriane Wintheiser MD', 'Molestiae nam ipsam itaque dolores consequuntur. Maiores veniam explicabo laboriosam iusto quis nesciunt. Eveniet qui asperiores quidem ipsa.', 1, '2019-12-21 11:59:01', '2019-12-21 11:59:01'),
(76, 61, 'Mrs. Laila Homenick', 'Repellat itaque numquam architecto eos vero inventore libero. Similique iure neque distinctio iure nobis deleniti sapiente. Voluptas perspiciatis impedit ducimus quod. Laudantium quo totam perferendis eos.', 5, '2019-12-21 11:59:01', '2019-12-21 11:59:01'),
(77, 39, 'Noel Haag', 'Reiciendis quisquam iusto voluptate. Sed ea et placeat voluptates sequi ea. Incidunt eum animi qui alias tempore sint.', 5, '2019-12-21 11:59:01', '2019-12-21 11:59:01'),
(78, 60, 'Jeramy Watsica', 'Ab dolorem fugit temporibus aut qui quo. Earum ex sequi ea ducimus et. Qui quis in dicta aut fuga quo consequatur consectetur. Voluptates qui quo nam architecto magni. Quod deleniti velit distinctio facilis voluptatem.', 4, '2019-12-21 11:59:01', '2019-12-21 11:59:01'),
(79, 54, 'Enrico Carter', 'Vel consectetur porro sapiente est laboriosam magni. Est quis velit eum sunt. Quas modi fugiat excepturi quo consequatur. Nihil consequuntur sit blanditiis enim numquam.', 4, '2019-12-21 11:59:01', '2019-12-21 11:59:01'),
(80, 62, 'Russell Luettgen', 'Sed et repellat optio. Quae natus consequatur harum. Occaecati nam expedita sint. Provident quos eos eos asperiores.', 2, '2019-12-21 11:59:01', '2019-12-21 11:59:01'),
(81, 55, 'Leanne McDermott', 'Qui officiis corrupti mollitia quod dolorem. Aut qui est beatae voluptas. Cum ea omnis sunt.', 5, '2019-12-21 11:59:01', '2019-12-21 11:59:01'),
(82, 37, 'Lamar Crist V', 'Iusto est itaque aut eaque minus qui facilis. Nihil quia enim veritatis impedit tempora. Voluptatibus odio qui rerum sequi ut magnam sed eos.', 4, '2019-12-21 11:59:01', '2019-12-21 11:59:01'),
(83, 41, 'Corbin Anderson', 'Iste est nostrum error voluptates aperiam quos. Et eius libero vel officiis. Non laboriosam qui et dolores autem voluptatem eaque.', 2, '2019-12-21 11:59:01', '2019-12-21 11:59:01'),
(84, 45, 'Lesly Weber', 'Vel possimus est eum odio. Tempore animi cupiditate consequatur hic. Consequuntur velit similique fugiat saepe officia architecto dolores tenetur.', 1, '2019-12-21 11:59:01', '2019-12-21 11:59:01'),
(85, 6, 'Natalia Kling', 'Et rem nisi sint qui. Sapiente doloribus vel numquam voluptatibus debitis. Sed aut accusamus enim ipsa autem reiciendis. Voluptas earum officiis eligendi maxime itaque aspernatur omnis.', 0, '2019-12-21 11:59:01', '2019-12-21 11:59:01'),
(86, 45, 'Eden Cummerata', 'Omnis pariatur ducimus et nostrum. A ipsa esse omnis vel incidunt suscipit. Autem architecto qui et fugit alias. Sint voluptatum numquam saepe quia ea omnis.', 1, '2019-12-21 11:59:01', '2019-12-21 11:59:01'),
(87, 100, 'Stewart O\'Conner', 'Aut deleniti a aliquid amet nulla labore. Voluptatem nobis ut aut alias eveniet. Et nulla ullam et molestiae.', 3, '2019-12-21 11:59:02', '2019-12-21 11:59:02'),
(88, 15, 'Miss Angela Simonis', 'Eum nihil possimus maiores harum perferendis. Velit ipsa sed est consectetur officiis aut. Aspernatur eligendi velit eos. Enim veritatis vero reiciendis.', 2, '2019-12-21 11:59:02', '2019-12-21 11:59:02'),
(89, 55, 'Ms. Kira Nader I', 'Vel dolore animi deleniti aperiam vero et. Et nesciunt quis officiis. Est et non impedit dolor qui.', 3, '2019-12-21 11:59:02', '2019-12-21 11:59:02'),
(90, 40, 'Prof. Lela Krajcik', 'Corrupti est occaecati aspernatur quae. Enim voluptates quae dolorem delectus quis consequatur. Molestias amet fugiat rem nemo minima iure quaerat. Qui veritatis saepe nihil rem et nihil explicabo.', 1, '2019-12-21 11:59:02', '2019-12-21 11:59:02'),
(91, 19, 'Carmine Carroll', 'Placeat nulla nihil magni laboriosam repellat quaerat voluptatem distinctio. Molestiae velit voluptatum est voluptatem. Voluptatum ab eum laboriosam quo.', 3, '2019-12-21 11:59:02', '2019-12-21 11:59:02'),
(92, 12, 'Candace Johns', 'Quibusdam molestias asperiores ullam exercitationem necessitatibus. Ducimus blanditiis et fugit soluta. Dicta quod deserunt accusantium. Est et suscipit facere. Voluptas sed aut qui ea.', 4, '2019-12-21 11:59:02', '2019-12-21 11:59:02'),
(93, 44, 'Mrs. Karli Stehr', 'Quasi sed aut nihil nemo minima eum. Et ut tempora culpa at. Aspernatur quo ab non consequatur veritatis.', 5, '2019-12-21 11:59:02', '2019-12-21 11:59:02'),
(94, 4, 'Prof. Jefferey Bartoletti', 'Voluptas excepturi occaecati architecto molestias ducimus eveniet. Ducimus consequatur cupiditate quis quis id dolor.', 3, '2019-12-21 11:59:02', '2019-12-21 11:59:02'),
(95, 89, 'Maureen Senger', 'Illo aliquid est corporis pariatur omnis eveniet vel quo. Et eligendi corrupti architecto soluta ad ut. Cumque rem placeat laudantium odit qui inventore ea.', 5, '2019-12-21 11:59:02', '2019-12-21 11:59:02'),
(96, 10, 'Oleta Willms', 'Eligendi qui earum error incidunt. Et enim fugiat alias modi magnam. Et magnam consequatur fugiat praesentium. Voluptas necessitatibus corporis ut sed aut.', 2, '2019-12-21 11:59:02', '2019-12-21 11:59:02'),
(97, 63, 'Dr. Arnold Cormier I', 'Natus omnis commodi fugit alias. Nobis et vitae corporis at aut non in. Ex officiis enim debitis impedit.', 2, '2019-12-21 11:59:02', '2019-12-21 11:59:02'),
(98, 56, 'Eldred Tromp', 'Enim eligendi veniam dolor error. Necessitatibus veritatis nesciunt aut modi similique est rem. Et optio voluptas voluptas perferendis.', 1, '2019-12-21 11:59:02', '2019-12-21 11:59:02'),
(99, 64, 'Dr. Lacy Halvorson', 'Ut aut omnis deleniti asperiores illo. Hic totam ipsum est totam aut doloribus odio. Quaerat id hic aut quibusdam nam quis.', 3, '2019-12-21 11:59:02', '2019-12-21 11:59:02'),
(100, 48, 'Florine Farrell MD', 'Error aut est maxime aliquam tenetur facilis. Nisi aut reprehenderit voluptas tempora. Non exercitationem iure unde aliquid. Temporibus ratione sed maiores illo adipisci. Delectus sed optio quibusdam.', 3, '2019-12-21 11:59:02', '2019-12-21 11:59:02'),
(101, 33, 'Amani Ortiz', 'Delectus voluptate asperiores qui sint delectus repudiandae. Voluptates hic quam ad iusto vero aspernatur recusandae sequi. Eligendi incidunt qui fugit voluptatum architecto veritatis.', 1, '2019-12-21 11:59:02', '2019-12-21 11:59:02'),
(102, 52, 'Dr. Osbaldo Anderson', 'Qui repudiandae sit hic voluptatum. Consequatur est in ut. Ut quis rerum earum eum occaecati eligendi quibusdam. Consequatur temporibus facilis in voluptatem consectetur praesentium. Voluptas id ipsum enim non vitae aut.', 5, '2019-12-21 11:59:02', '2019-12-21 11:59:02'),
(103, 87, 'Sanford Runolfsdottir', 'Laboriosam temporibus aut aliquam dignissimos maiores ullam. Vel similique autem beatae a sunt dolore ut. Debitis et necessitatibus et cupiditate id consequatur. Ut expedita laudantium et.', 5, '2019-12-21 11:59:02', '2019-12-21 11:59:02'),
(104, 24, 'Freda Littel', 'Non pariatur aut tempore eos esse. Voluptas quis blanditiis sit ullam quas exercitationem dolorem. Rem vero ratione quisquam praesentium qui vero aut.', 4, '2019-12-21 11:59:02', '2019-12-21 11:59:02'),
(105, 17, 'Shannon Schumm', 'Ex optio voluptates labore aperiam aut voluptatem nemo. Voluptatem maiores consequatur in vitae quibusdam alias voluptatem sit. In animi a quia nihil quis consequuntur.', 2, '2019-12-21 11:59:02', '2019-12-21 11:59:02'),
(106, 51, 'Aryanna White DDS', 'Esse fugiat totam facere commodi porro autem totam repudiandae. Quo molestiae quia illum quia. Aspernatur ad et cumque magnam sint.', 1, '2019-12-21 11:59:02', '2019-12-21 11:59:02'),
(107, 69, 'Dr. Aubrey Wyman DVM', 'Possimus totam ad nihil illo nostrum itaque illum beatae. Consequuntur quia nisi ducimus dolores adipisci. Ut sed ut assumenda est iusto saepe. Sint quis ipsam nulla numquam ducimus est.', 4, '2019-12-21 11:59:02', '2019-12-21 11:59:02'),
(108, 50, 'Prof. Nathan Bode', 'Sint rem soluta facilis et perspiciatis deserunt. Dolores accusantium dolorum tempore. Sed voluptatem omnis inventore dolore magni. Optio aut fugit voluptas.', 0, '2019-12-21 11:59:02', '2019-12-21 11:59:02'),
(109, 84, 'Jessy Koss', 'Alias magni et ipsa quidem perferendis est. Aut quia ab mollitia quae ducimus sed. Rerum eveniet nihil velit eum quae consequatur. Impedit eveniet accusamus aspernatur necessitatibus sed reprehenderit pariatur accusamus.', 4, '2019-12-21 11:59:02', '2019-12-21 11:59:02'),
(110, 42, 'Michaela Bechtelar', 'Placeat dolor odit illo in harum animi quia. Blanditiis ut aut illum et saepe dolor. Similique nihil occaecati molestiae illum dolore voluptatibus quas et.', 2, '2019-12-21 11:59:02', '2019-12-21 11:59:02'),
(111, 48, 'Lonnie McClure', 'Tempora est occaecati molestiae quia ipsam. Voluptatibus dolor perspiciatis quo repellat consectetur consectetur sed. Iste quod dicta est dicta qui dicta. Consectetur ipsa ut eius qui. Non eos animi voluptas atque quaerat et.', 3, '2019-12-21 11:59:02', '2019-12-21 11:59:02'),
(112, 82, 'Kraig McLaughlin', 'Perspiciatis minima beatae sunt pariatur aut harum. At itaque mollitia odit eos exercitationem pariatur possimus. Et dolorem saepe quasi eligendi delectus perspiciatis nesciunt. Quibusdam architecto ut voluptatum aperiam rem soluta.', 1, '2019-12-21 11:59:02', '2019-12-21 11:59:02'),
(113, 73, 'Mr. Pablo Deckow', 'Impedit sed harum ad delectus. Fuga consequatur aut amet soluta nihil quisquam. Numquam nam dolor voluptatem qui enim delectus nisi. Autem laudantium distinctio qui nostrum at dicta.', 0, '2019-12-21 11:59:02', '2019-12-21 11:59:02'),
(114, 61, 'Ricardo Fisher I', 'Excepturi quis voluptas sed qui quae. Et beatae dolor et iure. Et sit sapiente cum quis aspernatur. Et quia qui dolores nobis consectetur. Placeat sint nobis laborum facilis blanditiis porro.', 3, '2019-12-21 11:59:02', '2019-12-21 11:59:02'),
(115, 70, 'Johnathan Bernhard', 'Dicta dolorum nam et et. Delectus illo sit deserunt suscipit est quia exercitationem harum. Iste eligendi dicta deleniti id deleniti cumque.', 4, '2019-12-21 11:59:02', '2019-12-21 11:59:02'),
(116, 2, 'Dianna Zieme II', 'Temporibus optio quaerat sint nobis rerum eos a. Quos dolor placeat et. Dolor voluptas sed nam repellendus quod esse eum.', 0, '2019-12-21 11:59:02', '2019-12-21 11:59:02'),
(117, 95, 'Catharine Parisian DVM', 'Autem quo molestias ipsum doloribus aut autem. Eligendi voluptates quibusdam debitis quo asperiores. Excepturi eligendi totam sapiente velit rerum eos tempora ipsam. Libero nulla quas iure vitae.', 5, '2019-12-21 11:59:02', '2019-12-21 11:59:02'),
(118, 21, 'Merritt Casper', 'Quod nulla nostrum facere doloribus perspiciatis rem velit aut. Et nulla quo ducimus nihil non quasi velit. Rerum provident temporibus non quas occaecati qui. Tenetur eos nobis at qui odit ipsam.', 2, '2019-12-21 11:59:02', '2019-12-21 11:59:02'),
(119, 62, 'Harvey Becker', 'Nobis et quia at provident. Voluptas molestias occaecati asperiores ut doloribus quibusdam. Omnis dolorum consequatur voluptates.', 0, '2019-12-21 11:59:02', '2019-12-21 11:59:02'),
(120, 82, 'Reta Kovacek', 'Mollitia maxime quo accusamus molestias vel id illum. Sapiente enim vero aut fugiat autem qui ipsa voluptatem. Impedit non qui ipsa delectus ratione numquam.', 0, '2019-12-21 11:59:02', '2019-12-21 11:59:02'),
(121, 46, 'Vernice Wiegand', 'Nesciunt consectetur officia ex. Tempore alias est autem rem impedit ratione. Tempore voluptatem enim id fuga omnis autem incidunt magni. Explicabo aut rem sint perspiciatis labore quod aliquam libero.', 5, '2019-12-21 11:59:02', '2019-12-21 11:59:02'),
(122, 73, 'Elliott Leuschke', 'Odio ea sint omnis. Amet error delectus ex assumenda suscipit et. Laudantium et est expedita eum tempore consequuntur unde. Aliquam sint quos est nisi. Iusto fuga accusamus at.', 3, '2019-12-21 11:59:02', '2019-12-21 11:59:02'),
(123, 25, 'Melvin Hills', 'Itaque eum et a. Distinctio laboriosam inventore aut suscipit et iure. Et saepe accusamus est ab eos unde.', 2, '2019-12-21 11:59:02', '2019-12-21 11:59:02'),
(124, 10, 'Karl Willms', 'Velit saepe impedit porro ipsum necessitatibus. Est et nemo aut eaque. A ex voluptas sit culpa ullam quia.', 4, '2019-12-21 11:59:02', '2019-12-21 11:59:02'),
(125, 76, 'Ms. Jermaine Fahey PhD', 'Qui amet distinctio sint sed cumque quam. Odit dolor sit fugit molestiae commodi deleniti qui. Ea illo dolorum aut dicta ab. Cupiditate quidem non temporibus dolorem officia nam.', 2, '2019-12-21 11:59:02', '2019-12-21 11:59:02'),
(126, 76, 'Ronaldo Huels PhD', 'Ullam nostrum quibusdam delectus molestiae tempore eos. Corporis corporis voluptas inventore enim alias aperiam et. Optio fuga unde ut repudiandae dignissimos. Et et autem distinctio possimus dolores dolorem provident.', 5, '2019-12-21 11:59:02', '2019-12-21 11:59:02'),
(127, 58, 'Beaulah Watsica', 'Ipsum vel non dolores illo. Ut dolore illum vero ipsam. Libero id eos voluptatem odio nam sit. Quis et aspernatur hic consequatur architecto ea.', 3, '2019-12-21 11:59:02', '2019-12-21 11:59:02'),
(128, 99, 'Brooks Hermiston', 'Voluptatibus enim sequi id nobis rerum dicta. Harum sed quibusdam eaque aperiam optio blanditiis. Distinctio consequuntur qui in hic alias laudantium doloremque. Provident praesentium incidunt et fuga porro non et.', 5, '2019-12-21 11:59:03', '2019-12-21 11:59:03'),
(129, 14, 'Mr. Mustafa Gottlieb', 'Voluptas aut eum enim magni vel. Voluptas vel in autem nostrum dolore. Rem quia vero suscipit et rerum assumenda enim. Cumque libero earum rem.', 0, '2019-12-21 11:59:03', '2019-12-21 11:59:03'),
(130, 30, 'Mrs. Ashtyn Rodriguez', 'Laudantium tempora vero sapiente modi numquam quidem. Quae reiciendis dolorum perspiciatis facere. Cupiditate saepe rerum eos. Voluptatem odio totam nobis quia sit distinctio est.', 3, '2019-12-21 11:59:03', '2019-12-21 11:59:03'),
(131, 33, 'Prof. Nestor Reynolds DVM', 'Et dolore molestiae minus. Ut qui libero odio consequatur cumque. Dignissimos et dolores dolor totam ut delectus voluptatem. Qui corporis amet aut.', 1, '2019-12-21 11:59:03', '2019-12-21 11:59:03'),
(132, 32, 'Felicita Bartell', 'Facere eligendi facere est esse ipsa tempora enim. Nulla provident minima voluptatem animi facilis soluta. Consequuntur et ut odio atque impedit pariatur vitae. Accusantium voluptatem est maiores a est eaque.', 5, '2019-12-21 11:59:03', '2019-12-21 11:59:03'),
(133, 84, 'Mrs. Maudie Nader II', 'Ducimus et similique odio voluptates aliquam omnis. Inventore provident animi dolores sequi officia. Ut facere ea et. Et iste cumque mollitia quas nihil sit. Sit quibusdam necessitatibus eius qui doloremque sunt corporis.', 4, '2019-12-21 11:59:03', '2019-12-21 11:59:03'),
(134, 21, 'Emily Littel', 'Corporis in porro ipsam quod porro et id. Libero fuga sit est voluptatem. Ex quasi laborum neque explicabo est et ab. Corporis doloribus quasi blanditiis et.', 3, '2019-12-21 11:59:03', '2019-12-21 11:59:03'),
(135, 8, 'Dr. Yvonne Erdman PhD', 'Velit enim repellat perferendis nemo. Cum minus omnis autem voluptatem deleniti consequuntur id.', 1, '2019-12-21 11:59:03', '2019-12-21 11:59:03'),
(136, 65, 'Clare Bergstrom', 'Praesentium eius et necessitatibus ut totam et veniam. Ut dolor sint quia accusantium incidunt esse provident qui. Veniam earum consectetur at omnis occaecati quas voluptas.', 4, '2019-12-21 11:59:03', '2019-12-21 11:59:03'),
(137, 93, 'Lindsay Spinka', 'Alias repudiandae quasi nam in dolores. Veniam in quibusdam est blanditiis commodi aspernatur. Sed corporis doloribus et quia numquam deserunt. Cumque eligendi tempora quasi voluptate nihil quis. Assumenda aut ullam voluptas rerum minima sit culpa.', 0, '2019-12-21 11:59:03', '2019-12-21 11:59:03'),
(138, 45, 'Reynold Anderson', 'Voluptatum sint ad qui corporis nihil. Velit esse at in. Aliquam odio magnam omnis officiis libero et in.', 2, '2019-12-21 11:59:03', '2019-12-21 11:59:03'),
(139, 5, 'Dallin Bode', 'Mollitia cupiditate qui facilis harum odio rerum debitis. Voluptatem unde facere suscipit. Sunt libero unde et aut labore natus et.', 4, '2019-12-21 11:59:03', '2019-12-21 11:59:03'),
(140, 5, 'Jessica Armstrong', 'Distinctio ullam quo eveniet aspernatur non quos et. Sint doloribus eaque perferendis. Minus consequatur ipsum iure tempore a.', 5, '2019-12-21 11:59:03', '2019-12-21 11:59:03'),
(141, 62, 'Mr. Ellis Kozey', 'Minus ipsam nihil vero qui iure velit exercitationem quia. Quo esse architecto necessitatibus ea. Facere labore consectetur praesentium itaque eum enim. Velit odit explicabo nostrum porro at id explicabo.', 3, '2019-12-21 11:59:03', '2019-12-21 11:59:03'),
(142, 12, 'Shea Weissnat', 'Qui quod earum distinctio iusto voluptas. Dolores qui in recusandae molestiae unde. Consequuntur delectus sit tenetur quod repellat nam sint. Quos quia harum cumque quisquam.', 4, '2019-12-21 11:59:03', '2019-12-21 11:59:03'),
(143, 30, 'Dr. Zaria Stanton', 'Ratione natus et porro illo qui itaque occaecati. Labore aliquam voluptas eum in aperiam hic. Distinctio dolor voluptatem quis beatae fuga aut eum molestias.', 3, '2019-12-21 11:59:03', '2019-12-21 11:59:03'),
(144, 17, 'Mrs. Candice Tremblay II', 'Consequuntur vel et rerum at. Animi corrupti impedit repellendus itaque fugit qui. Nam suscipit earum rerum enim.', 1, '2019-12-21 11:59:03', '2019-12-21 11:59:03'),
(145, 58, 'Talon Rice', 'Eius voluptatem nihil veniam quis et quo incidunt. Quo assumenda et velit non vel. Ea perferendis animi est quo.', 4, '2019-12-21 11:59:03', '2019-12-21 11:59:03'),
(146, 16, 'Odell Lemke', 'Tempora modi molestias vel quos et aliquid. Atque perspiciatis architecto cum facilis. Blanditiis quisquam praesentium libero iusto. Consequatur ex non dolorem iste.', 3, '2019-12-21 11:59:03', '2019-12-21 11:59:03'),
(147, 27, 'Pierre Kuhlman', 'Aliquid et optio ad velit saepe. Consequatur ut assumenda quibusdam qui optio facere rerum. Minus nisi facere voluptates omnis consectetur facilis aut. Debitis aut modi corporis veniam totam. Repudiandae aut officia voluptatem velit maiores officia sint est.', 3, '2019-12-21 11:59:03', '2019-12-21 11:59:03'),
(148, 20, 'Russ Feeney', 'Corrupti dolores laudantium architecto est distinctio cupiditate. Qui saepe sunt recusandae. Maxime fuga beatae blanditiis laudantium.', 3, '2019-12-21 11:59:03', '2019-12-21 11:59:03'),
(149, 33, 'Ellsworth Schroeder', 'Nemo asperiores cupiditate id aperiam repellat at eius. Nostrum voluptatem qui qui mollitia voluptas magni et cupiditate. Sint modi fugiat quo consequatur qui doloremque atque.', 2, '2019-12-21 11:59:03', '2019-12-21 11:59:03'),
(150, 3, 'Triston Rice', 'Similique commodi voluptates accusantium quos voluptas ea. Voluptas voluptas eaque aut assumenda id doloremque. Veritatis repudiandae omnis quo consequatur aut. Sapiente magni inventore id et eaque.', 5, '2019-12-21 11:59:03', '2019-12-21 11:59:03'),
(151, 37, 'Keely Smith V', 'Sapiente harum et in aliquam vero sit labore. Voluptate voluptates perspiciatis dolor quae. Iste fugit suscipit sit ipsum id odio quasi. Est aut iusto architecto sequi est quod voluptas distinctio. Quos quae aut repellat illum possimus autem.', 3, '2019-12-21 11:59:03', '2019-12-21 11:59:03'),
(152, 40, 'Keegan Nitzsche', 'Officia id autem voluptate occaecati fugit. Maxime eaque est et ut non et quasi. Ut sed ex ut.', 3, '2019-12-21 11:59:03', '2019-12-21 11:59:03'),
(153, 79, 'Dr. Gage Hackett PhD', 'Corporis sequi autem praesentium est et ea aut. Architecto nisi enim magnam voluptatibus beatae dolores occaecati. Sit aperiam et fugiat natus assumenda tenetur.', 5, '2019-12-21 11:59:03', '2019-12-21 11:59:03'),
(154, 58, 'Dr. Johanna Schneider Sr.', 'Ea ad est quis sit dolores fugiat est. Commodi aperiam voluptatem sint et totam pariatur error vel. Non vero voluptatem id architecto illum quos saepe. Vitae iure expedita qui id accusantium.', 0, '2019-12-21 11:59:03', '2019-12-21 11:59:03'),
(155, 20, 'Kenny Baumbach', 'Quia veniam sint excepturi nemo omnis illo. Eos veniam dolor nisi. Omnis aut autem aliquam hic. Et officiis ut qui voluptatem et.', 0, '2019-12-21 11:59:03', '2019-12-21 11:59:03'),
(156, 58, 'Davon Cronin', 'Atque ut sapiente quia quia. Est repudiandae distinctio ut reiciendis nihil eius voluptas. Cum sunt ullam magnam ut tenetur.', 5, '2019-12-21 11:59:03', '2019-12-21 11:59:03'),
(157, 95, 'Cornelius Veum', 'Voluptates cupiditate saepe rerum quis incidunt aut. Quia ea quia unde. Magni molestiae exercitationem repellendus.', 2, '2019-12-21 11:59:03', '2019-12-21 11:59:03'),
(158, 68, 'Rebeka Bode', 'Qui nostrum quia ipsum. Non qui quas ut repudiandae. Est et officia rem dolorem.', 2, '2019-12-21 11:59:03', '2019-12-21 11:59:03'),
(159, 87, 'Santa Bode', 'Sit pariatur non neque quod. Maxime sunt mollitia molestiae sint ex. Quo veritatis sed illo quasi. Quos magnam quia pariatur est.', 2, '2019-12-21 11:59:03', '2019-12-21 11:59:03'),
(160, 33, 'Simeon Johnston', 'Odio labore et in facilis nesciunt quod aut enim. Illo nemo optio aut itaque praesentium esse blanditiis. Ratione veritatis consectetur repellendus libero dignissimos laboriosam.', 2, '2019-12-21 11:59:03', '2019-12-21 11:59:03'),
(161, 54, 'Kristian Runolfsdottir', 'Quisquam quo delectus enim et voluptatem eligendi. Corrupti et rerum iste possimus. Est veniam aliquam esse aspernatur.', 2, '2019-12-21 11:59:03', '2019-12-21 11:59:03'),
(162, 15, 'Pearlie Kuphal', 'Autem recusandae velit ipsa deleniti soluta ut. Fugit voluptatem iure distinctio eligendi. Et eius facere eveniet temporibus.', 4, '2019-12-21 11:59:03', '2019-12-21 11:59:03'),
(163, 5, 'Ms. Willa Koch', 'Eligendi aperiam in quia voluptates. Nulla qui et quam dolorem debitis. Cupiditate quos facere est eos nemo. Corporis doloribus et et voluptatem.', 2, '2019-12-21 11:59:03', '2019-12-21 11:59:03'),
(164, 49, 'Gabriella Olson I', 'Omnis aut placeat facilis quo aut dolorem dolores. Aut ipsa voluptas voluptatem dicta eos architecto accusamus voluptatem. Sequi quae impedit repellat iusto fugiat laboriosam quibusdam.', 4, '2019-12-21 11:59:03', '2019-12-21 11:59:03'),
(165, 7, 'Cydney Koss', 'Sequi ut dolores magnam quibusdam. Odio magnam fugiat voluptatem cumque. Repellat rerum fugiat corrupti veniam. Sit enim excepturi enim facilis.', 3, '2019-12-21 11:59:03', '2019-12-21 11:59:03'),
(166, 17, 'Murray Hansen', 'Iste hic dolore magni labore. Molestias quia consequatur nam illo assumenda dolorum numquam. Sit ullam incidunt quia debitis delectus.', 5, '2019-12-21 11:59:03', '2019-12-21 11:59:03'),
(167, 69, 'Robbie McCullough I', 'Mollitia deleniti saepe cum eaque consequuntur. Eum nesciunt necessitatibus sit tempora velit. Voluptates animi voluptas accusantium quam et. Iure nostrum rerum voluptatum vel reiciendis labore.', 5, '2019-12-21 11:59:03', '2019-12-21 11:59:03'),
(168, 8, 'Mrs. Kari Moore', 'Velit repellendus et ad ullam odio explicabo unde. Et quaerat sint aperiam et ut at est expedita. Voluptates est eos vitae et suscipit rerum. Necessitatibus cupiditate quia ipsum possimus laboriosam eum aliquid itaque.', 2, '2019-12-21 11:59:03', '2019-12-21 11:59:03'),
(169, 15, 'Pasquale Gislason', 'Possimus voluptatem et voluptatum aut eum. Et ut vero velit consequuntur. Alias sit et iste quibusdam. Nihil voluptas incidunt laboriosam rerum soluta. Sequi voluptatem accusantium nobis tenetur.', 5, '2019-12-21 11:59:04', '2019-12-21 11:59:04'),
(170, 51, 'Zetta Stanton', 'Aut natus earum deserunt at. Quia blanditiis aut ipsum ex.', 0, '2019-12-21 11:59:04', '2019-12-21 11:59:04'),
(171, 87, 'Constantin Towne', 'Modi dolorum aperiam deserunt cum quo ratione doloremque. Est ad occaecati repudiandae accusantium nihil. Et et voluptatem id dolor a accusamus.', 3, '2019-12-21 11:59:04', '2019-12-21 11:59:04'),
(172, 72, 'Werner Hagenes', 'Tenetur ut voluptates et non nostrum. Earum iusto fugiat officiis quos soluta ut. Ab aut rerum voluptatem doloribus aut. Nam voluptas reiciendis perferendis rerum fuga reiciendis delectus. Reprehenderit blanditiis et blanditiis quo accusantium quia.', 2, '2019-12-21 11:59:04', '2019-12-21 11:59:04'),
(173, 19, 'Kattie Gaylord', 'Voluptas occaecati aliquam impedit. Harum eius aspernatur saepe unde voluptate at. Voluptates distinctio sit molestiae aut. Distinctio excepturi dicta praesentium repudiandae ut. Et doloribus iure quisquam necessitatibus omnis quo ut.', 5, '2019-12-21 11:59:04', '2019-12-21 11:59:04'),
(174, 84, 'Prof. Vilma Murphy I', 'Quis aut quasi fuga ut dolorum quia. Itaque ut ducimus omnis cum nihil non. Debitis ad cumque eum magnam ex modi. Dicta est ea cupiditate itaque qui quam quo. Qui non fuga repellendus quia sed laboriosam.', 2, '2019-12-21 11:59:04', '2019-12-21 11:59:04'),
(175, 55, 'King Runolfsson', 'Sit occaecati est amet sed molestias id facere. Ullam similique ea odit eos sit vero expedita. Iusto iusto eligendi aspernatur est repudiandae odio.', 2, '2019-12-21 11:59:04', '2019-12-21 11:59:04'),
(176, 53, 'Prof. Coralie Wilkinson', 'Et qui incidunt nostrum nihil perspiciatis possimus repellendus. Beatae incidunt minima a ratione nam architecto. Delectus est illum qui vitae in. Ducimus vel est quas beatae repellat neque.', 2, '2019-12-21 11:59:04', '2019-12-21 11:59:04'),
(177, 90, 'Earlene Swift', 'Dolor animi voluptas tenetur voluptate quibusdam mollitia. Vitae laboriosam et soluta. Exercitationem quasi tempora animi est omnis autem voluptas voluptatem.', 2, '2019-12-21 11:59:04', '2019-12-21 11:59:04'),
(178, 98, 'Baron Simonis', 'Sit fugit eos quia iure eos id. Nesciunt maxime vitae ad consectetur consequuntur. Beatae fugiat incidunt repellat nulla. Et sed vel voluptas enim.', 4, '2019-12-21 11:59:04', '2019-12-21 11:59:04'),
(179, 99, 'Mrs. Elta Doyle PhD', 'Dolores cum impedit optio ut est necessitatibus. Enim consectetur error nam nobis ipsa exercitationem rerum. Explicabo veritatis cupiditate voluptatem commodi ut qui. Suscipit nihil quasi quo perspiciatis sit temporibus temporibus. Repellat qui ipsam sapiente omnis.', 3, '2019-12-21 11:59:04', '2019-12-21 11:59:04'),
(180, 40, 'Kaleigh Stanton DDS', 'Totam officiis necessitatibus ea qui sunt nihil. Numquam non vero consequatur ut.', 0, '2019-12-21 11:59:04', '2019-12-21 11:59:04'),
(181, 12, 'Burdette Rolfson', 'Voluptate dolorem provident distinctio itaque provident qui. Labore quisquam facilis necessitatibus asperiores maiores quo. Perferendis sed minus accusantium.', 4, '2019-12-21 11:59:04', '2019-12-21 11:59:04'),
(182, 99, 'Mrs. Willa Blick PhD', 'Quam cumque veritatis inventore aut cupiditate quia. Aperiam ea dignissimos est impedit facere at itaque. Voluptate consequatur minus nihil quam qui.', 2, '2019-12-21 11:59:04', '2019-12-21 11:59:04'),
(183, 80, 'Taryn Becker DDS', 'Ipsa adipisci explicabo inventore molestiae at odit. Excepturi dolor delectus et veritatis sunt mollitia. Sit aliquid exercitationem tempora sint omnis sed magnam mollitia. Ad consequatur commodi odio. Enim dolores vel quasi voluptatem.', 1, '2019-12-21 11:59:04', '2019-12-21 11:59:04'),
(184, 51, 'Elisa Sanford', 'Qui in corrupti aliquam aut. Eius ut quasi eligendi. Maiores quo vero amet labore iste.', 3, '2019-12-21 11:59:04', '2019-12-21 11:59:04'),
(185, 35, 'Alessandro Mosciski', 'Veritatis soluta corporis tenetur magnam saepe. Tempora velit consequatur velit rerum provident maxime nihil. Qui itaque totam dicta et.', 5, '2019-12-21 11:59:04', '2019-12-21 11:59:04'),
(186, 25, 'Madison Collins', 'Distinctio officiis sed sapiente accusantium dolor. Earum repellat aut consectetur ipsa ducimus eius. Iure quia consectetur doloribus voluptas voluptates suscipit odio quasi.', 1, '2019-12-21 11:59:04', '2019-12-21 11:59:04'),
(187, 38, 'Art Trantow', 'Ullam est sed itaque tempore. Consectetur aut omnis laudantium minima dolorum quas quidem. Totam quis quos voluptates aut commodi.', 4, '2019-12-21 11:59:04', '2019-12-21 11:59:04'),
(188, 95, 'Dr. Chaz Trantow I', 'Nisi esse et earum aut eaque. Totam voluptates vel incidunt nulla enim nostrum. Id error dolor consectetur laboriosam aut rerum cumque. A ea et veniam consequatur facilis inventore accusamus.', 1, '2019-12-21 11:59:04', '2019-12-21 11:59:04'),
(189, 38, 'Concepcion Hoeger DVM', 'In ipsa dolor non necessitatibus. Sit cupiditate sit dicta voluptatibus neque. Nihil cum cumque et accusantium. Id quia earum est officiis.', 1, '2019-12-21 11:59:04', '2019-12-21 11:59:04'),
(190, 28, 'Mr. Warren Olson Sr.', 'Excepturi nesciunt aliquid tenetur non. Laborum quae tenetur quia at facere aut veniam. Sunt et ratione soluta ut voluptas rerum dolorum.', 0, '2019-12-21 11:59:04', '2019-12-21 11:59:04'),
(191, 40, 'Dr. Jonathon Effertz DDS', 'Possimus magnam voluptatem debitis consequatur. Facilis excepturi in quibusdam repellendus porro fugit. Qui et nulla incidunt in laborum aliquam commodi. Vel et voluptate voluptatem dolorum animi eos ut. Non veritatis ut repellendus tempora ducimus.', 5, '2019-12-21 11:59:04', '2019-12-21 11:59:04'),
(192, 52, 'Renee Gutkowski', 'Eum perspiciatis saepe mollitia optio itaque. Recusandae ipsa sed mollitia deleniti enim ut eos. Nihil eos dolorum nesciunt assumenda ipsa dolorem dolor nisi. Quo aliquid voluptate iste velit.', 0, '2019-12-21 11:59:04', '2019-12-21 11:59:04'),
(193, 73, 'Martin Auer', 'Eveniet explicabo adipisci ut quidem animi voluptatibus sit consequatur. Facilis consequuntur doloremque est deleniti. Aliquid modi dignissimos fugiat iste nisi facere. Est ducimus voluptates nam. Doloremque animi voluptas aut placeat.', 4, '2019-12-21 11:59:04', '2019-12-21 11:59:04'),
(194, 37, 'Dr. Julianne White', 'Ut nihil explicabo ducimus iusto qui illo. Qui dolorem qui asperiores. Est fugiat qui quasi rem vero aut.', 2, '2019-12-21 11:59:04', '2019-12-21 11:59:04'),
(195, 74, 'Dr. Jayden Jacobi', 'Perspiciatis magni eveniet veritatis ut eum deleniti. Nostrum molestias vero rerum.', 0, '2019-12-21 11:59:04', '2019-12-21 11:59:04'),
(196, 23, 'Mr. Linwood Sawayn DDS', 'Et voluptate quibusdam recusandae eius optio. Sunt dolorem possimus pariatur deserunt culpa quas. Nulla eum nostrum iure et totam ullam ipsum. Dolorem facilis cumque fuga est quod temporibus neque.', 2, '2019-12-21 11:59:04', '2019-12-21 11:59:04'),
(197, 12, 'Lyla Hackett', 'Rem sed corporis cumque ad nulla placeat sit. Esse dolores omnis voluptate. Magnam ea sunt et itaque animi accusamus. Molestiae blanditiis eum necessitatibus libero eum.', 1, '2019-12-21 11:59:04', '2019-12-21 11:59:04'),
(198, 9, 'Makayla Beatty', 'Velit quo optio in dicta. Voluptatibus officiis pariatur tempore iure nulla in. Mollitia enim error ut. Facilis sed fuga expedita qui dicta nihil ut.', 2, '2019-12-21 11:59:04', '2019-12-21 11:59:04'),
(199, 42, 'Roger Rau', 'Ut maiores labore id sed eaque. Veritatis quibusdam distinctio eius. Quia commodi et nobis optio. Sit officiis quas totam vel optio ad cum reiciendis.', 5, '2019-12-21 11:59:04', '2019-12-21 11:59:04'),
(200, 42, 'Eloise Beahan', 'Officia nostrum quaerat et tempora aut omnis. Porro est ut et sapiente quibusdam. Quis perspiciatis ex veniam est aliquam. Doloribus non quasi dolor at quod ut.', 5, '2019-12-21 11:59:04', '2019-12-21 11:59:04'),
(201, 4, 'Reginald Veum', 'Quisquam quidem vero eveniet consequatur vitae. Dolor laborum occaecati incidunt. Ullam est sed et est eum ipsa. Unde eius et numquam molestiae.', 4, '2019-12-21 11:59:04', '2019-12-21 11:59:04'),
(202, 75, 'Ellsworth Homenick', 'Deleniti quia officiis atque atque. Magni laudantium voluptatibus totam iusto repellendus quas eaque accusantium.', 0, '2019-12-21 11:59:04', '2019-12-21 11:59:04'),
(203, 39, 'Prof. Jeff Weissnat', 'Illum voluptatem quod est amet rerum velit sit. Repellendus doloribus aut labore rerum a veritatis aut temporibus. Dolore necessitatibus reprehenderit dolorem ratione occaecati expedita. Quia facilis est ex laboriosam.', 3, '2019-12-21 11:59:04', '2019-12-21 11:59:04'),
(204, 48, 'Earlene Towne', 'Sint aut dicta illo ullam. Cupiditate animi alias perferendis. Odio sed et qui impedit veritatis ut architecto fuga. Quia nesciunt in autem consequatur quia beatae repellat.', 3, '2019-12-21 11:59:04', '2019-12-21 11:59:04'),
(205, 87, 'Mrs. Estelle Goldner III', 'Et repellendus repudiandae omnis nesciunt libero minima. Autem quia enim rerum et ut. Rem velit minus facere voluptatem. Ratione cumque aut ullam ut voluptatum nam. Et qui distinctio voluptate.', 0, '2019-12-21 11:59:04', '2019-12-21 11:59:04'),
(206, 30, 'Mr. Edgardo Reilly', 'Ullam aut magnam ut quia consequuntur. Quos consequatur soluta enim aliquam laboriosam. Minus nemo molestiae quidem quo aliquid dicta. Est et aspernatur quis voluptatem hic recusandae maiores molestias.', 4, '2019-12-21 11:59:04', '2019-12-21 11:59:04'),
(207, 33, 'Berneice Wiza', 'Sit nulla incidunt praesentium et temporibus quidem atque voluptatem. Vitae ut sint fugit unde atque molestiae. Id laboriosam ratione voluptatem nesciunt.', 1, '2019-12-21 11:59:04', '2019-12-21 11:59:04'),
(208, 97, 'Chaim Braun PhD', 'Nihil dicta aut ipsam et. Alias culpa consequatur consequatur sapiente. Quam eaque cum natus. Et laboriosam laudantium aut doloribus consectetur tempore voluptatem. Enim distinctio porro veritatis.', 3, '2019-12-21 11:59:04', '2019-12-21 11:59:04'),
(209, 58, 'Lois Balistreri', 'Incidunt maiores laudantium dolores eligendi. Voluptatibus veritatis aut amet iste impedit. Nesciunt in eius deserunt nam rerum. In ex aut ullam dolores.', 3, '2019-12-21 11:59:04', '2019-12-21 11:59:04');
INSERT INTO `reviews` (`id`, `product_id`, `customer`, `review`, `star`, `created_at`, `updated_at`) VALUES
(210, 95, 'Elfrieda Mueller', 'Officia nisi dolorem non velit vel voluptatem hic id. Dolor quia qui est hic quisquam blanditiis et. Architecto pariatur voluptas quia eum. Non ratione omnis nam facere itaque molestias.', 2, '2019-12-21 11:59:05', '2019-12-21 11:59:05'),
(211, 38, 'Linnie Berge', 'Est aperiam nam mollitia asperiores excepturi quod. Repellat quaerat iure saepe. Quae inventore dicta et iusto. Ut debitis inventore in occaecati reprehenderit voluptatem.', 4, '2019-12-21 11:59:05', '2019-12-21 11:59:05'),
(212, 48, 'Hassie Gerlach', 'Et ea laboriosam molestiae et. Rerum soluta distinctio hic. Nihil amet repudiandae maiores. Impedit quia maiores eum nulla sit qui facere.', 3, '2019-12-21 11:59:05', '2019-12-21 11:59:05'),
(213, 43, 'Prof. Kaden Williamson MD', 'Voluptas voluptate quia quo. Praesentium error rerum asperiores possimus velit hic dolores. Qui et reprehenderit doloremque sed tenetur maxime excepturi dicta. Corporis est eos non doloribus quaerat. Possimus necessitatibus quo vero assumenda tempora voluptas quasi.', 4, '2019-12-21 11:59:05', '2019-12-21 11:59:05'),
(214, 45, 'Ansley Halvorson', 'Fugit inventore hic magnam voluptate temporibus soluta facilis. Sed ea dolores quo ut. Officiis magni omnis doloribus iure. Sed consequatur sit suscipit est nihil et consequatur cupiditate.', 4, '2019-12-21 11:59:05', '2019-12-21 11:59:05'),
(215, 34, 'Harry Breitenberg II', 'Aliquid quam voluptatum dolorem totam iusto. Explicabo sint explicabo nostrum officiis hic quos. Mollitia molestiae deserunt earum illum praesentium explicabo. Qui maiores odit est recusandae fuga.', 0, '2019-12-21 11:59:05', '2019-12-21 11:59:05'),
(216, 9, 'Marcellus Schumm III', 'Aut eligendi omnis in minus vitae perferendis. Ex repellat facilis cumque recusandae est ea dolor deleniti. Dolor rerum impedit nostrum.', 0, '2019-12-21 11:59:05', '2019-12-21 11:59:05'),
(217, 50, 'Kane Hackett', 'At est tempora quis natus. At consequuntur dolorem ut eos.', 3, '2019-12-21 11:59:05', '2019-12-21 11:59:05'),
(218, 85, 'Melody Gaylord', 'Assumenda in saepe veritatis officiis voluptate minima odio. Dolore non quas nihil iusto repellat blanditiis.', 4, '2019-12-21 11:59:05', '2019-12-21 11:59:05'),
(219, 29, 'Roger Simonis', 'Non sunt atque voluptatum accusamus voluptates perferendis non. Sed dolorum esse neque est aut. Commodi est nesciunt nostrum aliquid.', 2, '2019-12-21 11:59:05', '2019-12-21 11:59:05'),
(220, 17, 'Keely Gaylord', 'Adipisci culpa recusandae reprehenderit commodi quo voluptas. Deleniti a fuga et eveniet. Fugiat ipsum minus unde eum aut. Ut labore autem est nemo reprehenderit eos.', 5, '2019-12-21 11:59:05', '2019-12-21 11:59:05'),
(221, 74, 'Dion Torphy', 'Consectetur ad expedita et dolor pariatur. Voluptatibus omnis praesentium omnis facilis voluptatum. Quia quaerat dolores fugiat ut dignissimos esse.', 1, '2019-12-21 11:59:05', '2019-12-21 11:59:05'),
(222, 20, 'Adolph Hirthe V', 'Hic doloremque odio autem dolor minima nam nisi. Aliquam ad qui temporibus voluptate accusamus aut. Eum architecto quo in rerum molestias et. Similique expedita est totam facilis voluptatum tempore.', 3, '2019-12-21 11:59:05', '2019-12-21 11:59:05'),
(223, 79, 'Ayden Dibbert', 'Aut vel ducimus non iusto vero. Omnis blanditiis totam ut impedit quae. Esse voluptates et aut natus voluptas adipisci. Eos sed molestias similique nisi ut qui hic repellat.', 5, '2019-12-21 11:59:05', '2019-12-21 11:59:05'),
(224, 72, 'Mr. Domingo Howell', 'Ipsam quod eaque nesciunt magni occaecati. Praesentium sed provident autem qui et nulla qui. Qui asperiores delectus voluptates est. Nihil est nam quia.', 4, '2019-12-21 11:59:05', '2019-12-21 11:59:05'),
(225, 14, 'Dayne Runolfsson', 'Odit porro animi porro maxime necessitatibus. Velit possimus autem aut totam deserunt. Odio eos autem pariatur rem adipisci.', 3, '2019-12-21 11:59:05', '2019-12-21 11:59:05'),
(226, 30, 'Nat Olson', 'Alias voluptas quia totam nisi qui. Facilis commodi sit fugit accusamus ipsa. Totam aperiam temporibus ut neque. Consectetur sint voluptatibus natus. Aperiam debitis sequi odit eveniet.', 4, '2019-12-21 11:59:05', '2019-12-21 11:59:05'),
(227, 29, 'Mallie O\'Keefe III', 'Beatae vel eveniet minima. Est adipisci consectetur omnis ut. Sequi quaerat alias vel voluptatem. Et laudantium mollitia sed adipisci.', 2, '2019-12-21 11:59:05', '2019-12-21 11:59:05'),
(228, 30, 'Mr. Corbin Lockman Sr.', 'Ipsa suscipit nam nulla aliquid. Debitis temporibus excepturi cumque incidunt deserunt fugit quo. Fugit delectus ex pariatur quis. Sed quo perspiciatis enim nesciunt et.', 3, '2019-12-21 11:59:05', '2019-12-21 11:59:05'),
(229, 27, 'Electa Sanford Jr.', 'Nisi occaecati consequuntur tempora commodi. Non et consequatur dolorem est ut laboriosam. Ut id velit deleniti sapiente est. Nihil at quas labore vel commodi ut molestiae. Fugiat perspiciatis qui dolorem vitae inventore in iste.', 3, '2019-12-21 11:59:05', '2019-12-21 11:59:05'),
(230, 48, 'Reid Jones', 'Laudantium maiores cum et ullam ut. Ipsum fuga quidem eos reiciendis qui voluptatibus. Delectus repellat quaerat consequatur. In dolores ab ut est consequatur.', 5, '2019-12-21 11:59:05', '2019-12-21 11:59:05'),
(231, 59, 'Ursula Cremin', 'Nihil quasi pariatur corrupti natus ut. Enim officia optio saepe culpa ab totam. Vel rem natus autem eligendi consequatur.', 2, '2019-12-21 11:59:05', '2019-12-21 11:59:05'),
(232, 62, 'Mrs. Meggie Bashirian', 'Ex molestias sed omnis omnis. Accusamus architecto debitis temporibus alias. Quo debitis est eos est nesciunt a dolor.', 3, '2019-12-21 11:59:05', '2019-12-21 11:59:05'),
(233, 20, 'Piper O\'Hara', 'Consequuntur magni iure qui placeat dolor. Voluptate atque praesentium harum rerum perferendis accusantium. Aliquam quas odit esse eaque culpa ipsam.', 5, '2019-12-21 11:59:05', '2019-12-21 11:59:05'),
(234, 15, 'Monroe Miller', 'Ipsam nobis et dolorem. Eaque aperiam architecto qui non earum explicabo. Mollitia reprehenderit rerum cumque id sint nostrum. Exercitationem non consequatur iusto sint.', 3, '2019-12-21 11:59:05', '2019-12-21 11:59:05'),
(235, 34, 'Linnea Grady DVM', 'Ducimus aliquid ad culpa aliquid. Quasi voluptatem quidem ipsa quo enim fuga nobis. Velit ea maiores asperiores id soluta. Aut est expedita mollitia autem.', 0, '2019-12-21 11:59:05', '2019-12-21 11:59:05'),
(236, 75, 'Megane Ondricka DVM', 'Vero consequuntur vel ducimus et. Culpa voluptates maxime molestias consectetur enim. Delectus et repudiandae et et libero reiciendis.', 4, '2019-12-21 11:59:05', '2019-12-21 11:59:05'),
(237, 79, 'Prof. Shaylee Paucek', 'Magni veritatis illum eum. Iusto eos occaecati possimus veritatis. Ipsam vitae nulla est odio. Qui necessitatibus qui quam odit a.', 4, '2019-12-21 11:59:05', '2019-12-21 11:59:05'),
(238, 35, 'Addison Dach', 'Omnis dicta facere fuga et. Aut consequatur aut quisquam et. Vel aspernatur eius et possimus aut omnis non provident.', 1, '2019-12-21 11:59:05', '2019-12-21 11:59:05'),
(239, 47, 'Josiah Streich', 'Occaecati atque quo et deleniti ut optio sed. Dolores et voluptas atque eaque illum. Neque suscipit minima officia ratione. Numquam id et dicta harum. Ut consequatur porro expedita et dolores repellat commodi.', 5, '2019-12-21 11:59:05', '2019-12-21 11:59:05'),
(240, 44, 'Marley Bashirian', 'Tenetur eum quaerat ducimus necessitatibus saepe omnis. Est cupiditate doloremque sunt animi. Blanditiis sed dolor sit. Magni et nobis eos possimus rerum fugit.', 0, '2019-12-21 11:59:05', '2019-12-21 11:59:05'),
(241, 73, 'Wade Hintz', 'Porro sint aut et cum quidem. Magni modi laborum quo omnis qui ea sit. Sed sit ex quaerat non porro. Distinctio eum totam consequatur rerum et.', 5, '2019-12-21 11:59:05', '2019-12-21 11:59:05'),
(242, 92, 'Lambert Vandervort', 'Soluta ullam quia et error quam. Sapiente saepe aut consequatur fugiat voluptas. Possimus ex occaecati sed eveniet ad.', 1, '2019-12-21 11:59:05', '2019-12-21 11:59:05'),
(243, 23, 'Prof. Jarred Doyle Jr.', 'Eos rerum corrupti tempore aut dolores omnis. Minima nam quia voluptatem. Ex est molestiae in.', 4, '2019-12-21 11:59:05', '2019-12-21 11:59:05'),
(244, 65, 'Gracie Jacobson', 'Molestias enim vitae soluta rerum qui. Quae molestiae soluta quisquam nostrum. Ut iure eaque eum autem pariatur. Odio animi et harum unde.', 0, '2019-12-21 11:59:05', '2019-12-21 11:59:05'),
(245, 99, 'Casimer Powlowski V', 'Aut non aut et voluptatem. Inventore reprehenderit qui modi rerum quas ut laboriosam. Deserunt quisquam cumque assumenda corrupti quod asperiores quibusdam iusto. Voluptatum doloremque asperiores quia.', 2, '2019-12-21 11:59:05', '2019-12-21 11:59:05'),
(246, 95, 'Jeffrey Flatley', 'Explicabo optio officia et nihil temporibus. Rem eveniet facere ut inventore placeat. Nisi odit est consequuntur ducimus maxime vel qui.', 1, '2019-12-21 11:59:05', '2019-12-21 11:59:05'),
(247, 49, 'Kevon Heaney', 'Et dolorum ab officia hic. Ea ut magni quibusdam ad. Laudantium sunt et sunt odit numquam perspiciatis.', 1, '2019-12-21 11:59:05', '2019-12-21 11:59:05'),
(248, 42, 'Kip Vandervort', 'Deserunt voluptatem incidunt voluptatem rerum voluptatibus. Veritatis esse consectetur atque quas fugiat perferendis qui quod. Neque labore omnis aperiam est exercitationem aut perspiciatis. Sunt quia cupiditate dolorum numquam eos.', 5, '2019-12-21 11:59:05', '2019-12-21 11:59:05'),
(249, 62, 'Mrs. Ozella Little', 'Non quod consectetur corrupti odit enim laboriosam. Sit exercitationem repellat ex maxime voluptate. Earum dolor sint est unde mollitia voluptatem. Pariatur quia ipsum ex cumque.', 2, '2019-12-21 11:59:05', '2019-12-21 11:59:05'),
(250, 12, 'Kellie Kuhn', 'Dolor numquam placeat cum. Nemo quis maiores cupiditate facere iusto impedit voluptas. Omnis similique aliquid ut dignissimos. Deleniti id voluptate provident alias.', 2, '2019-12-21 11:59:05', '2019-12-21 11:59:05'),
(251, 40, 'Clementina Terry Jr.', 'Optio quo sequi cumque. Omnis velit sed perferendis tenetur neque iure. Id facilis est praesentium eos veritatis.', 0, '2019-12-21 11:59:06', '2019-12-21 11:59:06'),
(252, 100, 'Nellie Murazik', 'Non earum debitis suscipit reiciendis magni sint. Maiores consequatur cum sunt dolores. Autem voluptate ut tenetur iure debitis accusantium.', 1, '2019-12-21 11:59:06', '2019-12-21 11:59:06'),
(253, 4, 'Dr. Greg Padberg', 'Beatae consequatur nam praesentium sit alias ex rerum. Et ad vero necessitatibus nobis.', 1, '2019-12-21 11:59:06', '2019-12-21 11:59:06'),
(254, 15, 'Hailie Bailey', 'Ipsum quos tempore ullam vitae ipsam in vel. Impedit vel quos vero voluptate. Fuga enim qui ipsam tempore rerum quo. Ratione natus rem animi ut at aperiam facilis.', 3, '2019-12-21 11:59:06', '2019-12-21 11:59:06'),
(255, 100, 'Ms. Jena Dickinson Sr.', 'Consequuntur quas magni cupiditate quos et dignissimos. Ab perferendis totam quo velit quae autem corporis. Illo enim ratione asperiores et eum accusantium voluptate. Vel aut mollitia sit officiis. Est sit aspernatur atque repudiandae aspernatur sit.', 1, '2019-12-21 11:59:06', '2019-12-21 11:59:06'),
(256, 76, 'Tristian Quitzon III', 'Quasi ut sit cum explicabo. Repellat occaecati qui dolor reprehenderit ipsa. Est expedita totam distinctio dolores earum vel modi cumque. Et quia ut incidunt libero tempora id.', 0, '2019-12-21 11:59:06', '2019-12-21 11:59:06'),
(257, 79, 'Robert Gulgowski', 'Suscipit dolore ipsam at accusamus delectus. Perspiciatis et consequatur aut quia. Quo totam et dolores non assumenda ea culpa.', 5, '2019-12-21 11:59:06', '2019-12-21 11:59:06'),
(258, 16, 'Amari Hoppe II', 'Iure rerum quidem a rerum est. Itaque ipsum voluptate atque quia. Aut eos est amet provident est nisi asperiores. Doloribus quod voluptas maxime aut aut.', 4, '2019-12-21 11:59:06', '2019-12-21 11:59:06'),
(259, 27, 'Mossie Christiansen', 'Corporis eaque laboriosam alias atque est. Quibusdam et iure delectus voluptas culpa assumenda aspernatur. Tenetur architecto voluptatibus maiores illum beatae eligendi quae harum.', 0, '2019-12-21 11:59:06', '2019-12-21 11:59:06'),
(260, 43, 'Jay Denesik I', 'Excepturi similique iste nemo. Velit ut et molestiae necessitatibus sint odio fuga. Nam optio ut animi eius cupiditate consequuntur. Excepturi sequi sint est fuga quam laboriosam.', 5, '2019-12-21 11:59:06', '2019-12-21 11:59:06'),
(261, 66, 'Tyreek Rice', 'Aut sed id molestiae. Qui eaque nulla earum laboriosam iusto. Rem qui at fugiat et et odio veritatis.', 4, '2019-12-21 11:59:06', '2019-12-21 11:59:06'),
(262, 63, 'Mr. Cleve Wolff', 'Qui culpa est voluptatem reiciendis ex. Molestiae molestiae rerum id dolores. Ex quisquam aut maiores praesentium voluptatibus dolores maxime. Doloribus laborum inventore libero magnam possimus quae.', 1, '2019-12-21 11:59:06', '2019-12-21 11:59:06'),
(263, 13, 'Casimer Stanton', 'Pariatur saepe unde recusandae culpa cumque ea porro. Sequi labore ipsam rerum nemo. Tenetur non nisi excepturi commodi voluptas laborum.', 0, '2019-12-21 11:59:06', '2019-12-21 11:59:06'),
(264, 74, 'Dr. Alessandro Raynor V', 'Nostrum impedit iure officia quis. Dolor qui labore voluptatum libero atque recusandae. Aut autem quaerat autem est similique quisquam. Reprehenderit iste illo aut nobis voluptatum ut. Odit numquam vel consequatur laboriosam iusto.', 4, '2019-12-21 11:59:06', '2019-12-21 11:59:06'),
(265, 59, 'Mr. Ashton Franecki', 'Maiores commodi debitis autem est illo dolore. Esse id iusto consequatur doloribus. Placeat quod quia eius et dignissimos cumque.', 4, '2019-12-21 11:59:06', '2019-12-21 11:59:06'),
(266, 43, 'Prof. Genoveva Hills', 'Ex eius facere sunt iste. Veniam quidem vel et voluptatem nihil alias. Et quibusdam velit modi pariatur sunt aut architecto sed. Accusantium quo eum qui eum consectetur modi nulla.', 0, '2019-12-21 11:59:06', '2019-12-21 11:59:06'),
(267, 22, 'Prof. Judah Ritchie', 'Quas aut eum maxime vel ut. Nostrum est sed et modi.', 2, '2019-12-21 11:59:06', '2019-12-21 11:59:06'),
(268, 94, 'Vidal Bogan', 'Consequatur neque velit non ratione saepe magni veniam. Deserunt provident nihil atque deserunt qui ex magnam magnam. Dolor distinctio quo voluptates nihil perferendis. Id voluptatum quas ratione fuga debitis dolorem. Distinctio deleniti dolores illum quo et.', 2, '2019-12-21 11:59:06', '2019-12-21 11:59:06'),
(269, 63, 'Keshaun Hintz', 'Sed voluptatem inventore ex doloremque. Et deleniti dolores dolore voluptas nostrum exercitationem. Aperiam distinctio animi et maxime.', 1, '2019-12-21 11:59:06', '2019-12-21 11:59:06'),
(270, 16, 'Dr. Austen Graham', 'Aut aperiam distinctio et accusantium. In occaecati voluptatem modi deserunt facere id dicta.', 2, '2019-12-21 11:59:06', '2019-12-21 11:59:06'),
(271, 99, 'Ms. Bernita Wiza', 'Quia et itaque dignissimos. Dolor omnis doloremque minima et omnis nemo. Accusamus sed dolorem temporibus totam magnam fugit harum. Repellat quo perspiciatis eius et sint enim.', 4, '2019-12-21 11:59:06', '2019-12-21 11:59:06'),
(272, 38, 'Lonie Gerhold', 'Explicabo quam voluptatum omnis soluta. Laboriosam sunt in rerum et temporibus et vero. Dicta non qui eum non. Et illo provident sint nisi et.', 4, '2019-12-21 11:59:06', '2019-12-21 11:59:06'),
(273, 32, 'Zula Mante', 'Suscipit dolorum tempora autem consectetur quod. Nihil ipsam quis ea dolores at inventore atque. Dolorum enim quasi ad non et facere. Ut consequatur distinctio reiciendis officia incidunt.', 4, '2019-12-21 11:59:06', '2019-12-21 11:59:06'),
(274, 2, 'Litzy Bins', 'Sunt rerum mollitia molestiae. Non perferendis quae quia at magnam occaecati. Itaque facilis doloribus et illum ipsum ad eaque.', 1, '2019-12-21 11:59:06', '2019-12-21 11:59:06'),
(275, 54, 'Kaleb Davis', 'Eum voluptatem aut facere possimus culpa delectus possimus. Non facilis sunt veritatis labore ut eius. Inventore architecto natus vel omnis quia.', 4, '2019-12-21 11:59:06', '2019-12-21 11:59:06'),
(276, 65, 'Miss Lauryn Muller', 'Consequatur voluptatum vitae iste error rerum dolore incidunt. Dolorem et itaque eaque molestiae tenetur nemo qui. Nesciunt aut ut aut quaerat molestiae possimus quibusdam. Voluptate doloribus culpa et reprehenderit.', 0, '2019-12-21 11:59:06', '2019-12-21 11:59:06'),
(277, 46, 'Alexandrea Howe', 'Earum consequatur sunt voluptas sed ullam necessitatibus. Eum impedit vero sed aut cum modi officiis. Modi et cumque et non.', 5, '2019-12-21 11:59:06', '2019-12-21 11:59:06'),
(278, 80, 'Ms. Aniyah Parker', 'Accusamus ad ab molestias vitae. Est ut sed officiis sed assumenda consequuntur nesciunt reprehenderit. Ipsa sit impedit similique laborum. Vitae mollitia eos vel.', 1, '2019-12-21 11:59:06', '2019-12-21 11:59:06'),
(279, 47, 'Bernard Bashirian', 'Incidunt labore dolores praesentium dolores dolor fuga optio. Molestiae expedita vel eum ad et laudantium optio. Enim enim et nemo consequatur a sunt. Rerum sequi quas in dolores suscipit.', 1, '2019-12-21 11:59:06', '2019-12-21 11:59:06'),
(280, 56, 'Brendan Halvorson DDS', 'Quia expedita eaque ut amet quas mollitia quod. Sapiente eos rerum necessitatibus sunt. Repellat qui fugit ex nostrum explicabo.', 0, '2019-12-21 11:59:06', '2019-12-21 11:59:06'),
(281, 44, 'Daron Gerlach', 'Dolores id reiciendis tempore placeat. Consequatur autem id quibusdam molestiae laboriosam dolor aut libero. Rerum voluptate molestiae magni quas placeat officia qui quia.', 1, '2019-12-21 11:59:06', '2019-12-21 11:59:06'),
(282, 46, 'Margarette Pollich', 'Sint est quos voluptas rerum. Quas corrupti eligendi a dolorum. Aut hic non quibusdam sint quis.', 5, '2019-12-21 11:59:06', '2019-12-21 11:59:06'),
(283, 4, 'Mr. Dane Pfannerstill', 'Blanditiis dolores rem sunt deserunt quasi. Eius quod excepturi error neque aliquam sapiente non consequuntur.', 0, '2019-12-21 11:59:06', '2019-12-21 11:59:06'),
(284, 98, 'Prof. Donny Upton DDS', 'Ut aut ullam dolorem molestias vel possimus eos delectus. Quae dolore laborum sed eius laboriosam. Aspernatur fuga et omnis eos sit.', 4, '2019-12-21 11:59:06', '2019-12-21 11:59:06'),
(285, 14, 'Eli Hahn', 'Nihil dolores veritatis quia quos illum asperiores. Sapiente minima molestiae quo quos. Quis officia numquam atque sit doloremque exercitationem.', 1, '2019-12-21 11:59:06', '2019-12-21 11:59:06'),
(286, 83, 'Delta Ferry', 'Sed corporis est magnam sequi architecto nisi dolores. Magnam alias et laborum vero distinctio necessitatibus dignissimos.', 4, '2019-12-21 11:59:06', '2019-12-21 11:59:06'),
(287, 94, 'Mrs. Lori Volkman MD', 'Dignissimos harum ipsa accusantium quis sint est totam ut. Necessitatibus quasi nobis est veniam maxime. Quis nihil et iste tempora libero.', 0, '2019-12-21 11:59:06', '2019-12-21 11:59:06'),
(288, 74, 'Leo Casper', 'Qui omnis deserunt doloremque nemo non commodi voluptate. Odio non iusto reiciendis dolorem vel aut hic nam. Et voluptatibus nisi voluptatem corporis ex pariatur culpa. Voluptate in commodi sed quia.', 2, '2019-12-21 11:59:06', '2019-12-21 11:59:06'),
(289, 59, 'Miss Emelie Stracke PhD', 'Quo blanditiis saepe esse voluptatem vel cumque. Sint quo quis quo ratione in.', 2, '2019-12-21 11:59:06', '2019-12-21 11:59:06'),
(290, 54, 'Mr. Murl Spencer', 'Provident sit officia neque omnis. Molestias quam iusto omnis nulla unde numquam. Corrupti recusandae debitis quo neque ipsa omnis qui. Velit quis dolorem accusantium reprehenderit laborum maxime nam ipsam.', 1, '2019-12-21 11:59:06', '2019-12-21 11:59:06'),
(291, 25, 'Ines Cormier', 'Quia deleniti laborum delectus nulla qui. Dolor ut tempora enim et voluptas repellat repellendus. Error suscipit facere delectus cumque ducimus voluptatibus. Rem et ullam aut eaque rerum beatae.', 2, '2019-12-21 11:59:06', '2019-12-21 11:59:06'),
(292, 49, 'Ebony Flatley', 'Neque exercitationem pariatur saepe et laudantium nihil. Consectetur est at repellat consectetur. Quo laborum adipisci animi velit eligendi enim. Eius cum molestiae deserunt molestiae.', 5, '2019-12-21 11:59:07', '2019-12-21 11:59:07'),
(293, 89, 'Zena Rippin', 'Excepturi aspernatur ut corporis quidem facilis. Et voluptas aliquam eos id.', 1, '2019-12-21 11:59:07', '2019-12-21 11:59:07'),
(294, 55, 'Octavia Gottlieb', 'Iure rerum dolores sint non voluptatibus nesciunt. Nihil quo quia officiis officiis.', 2, '2019-12-21 11:59:07', '2019-12-21 11:59:07'),
(295, 71, 'Alice Sawayn', 'Laborum ut pariatur aut hic. Quas est est animi vitae. Architecto praesentium vel numquam aspernatur. Quae at sint sed beatae dignissimos quod.', 5, '2019-12-21 11:59:07', '2019-12-21 11:59:07'),
(296, 61, 'Tatyana Smith', 'Voluptas similique consequuntur ut nam. Est veritatis quod commodi cumque. Dolore qui nostrum id sed veritatis rem. Accusantium placeat itaque voluptatum voluptate animi nihil qui porro.', 0, '2019-12-21 11:59:07', '2019-12-21 11:59:07'),
(297, 64, 'Marta Reynolds Jr.', 'Accusamus iste et voluptas nihil impedit. Vitae cupiditate amet officia.', 0, '2019-12-21 11:59:07', '2019-12-21 11:59:07'),
(298, 51, 'Norbert Konopelski', 'Est numquam ipsam ea est amet nisi. Necessitatibus explicabo laborum praesentium sequi. Quae dicta est fugiat aut. Nostrum molestiae nobis rem voluptas maxime cupiditate.', 2, '2019-12-21 11:59:07', '2019-12-21 11:59:07'),
(299, 71, 'Leda Bartell', 'Animi accusamus voluptatem est nisi cumque maxime et. Reprehenderit ut beatae vel a illo. Et cupiditate aliquid enim error dicta facere eaque.', 2, '2019-12-21 11:59:07', '2019-12-21 11:59:07'),
(300, 32, 'Anastacio DuBuque DDS', 'Iusto velit a vel libero. Dolores est repellendus nobis inventore repellat doloremque. Pariatur at maiores eos qui. Aut nihil incidunt eum libero.', 0, '2019-12-21 11:59:07', '2019-12-21 11:59:07');

-- --------------------------------------------------------

--
-- Table structure for table `users`
--

CREATE TABLE `users` (
  `id` int(10) UNSIGNED NOT NULL,
  `name` varchar(191) COLLATE utf8mb4_unicode_ci NOT NULL,
  `email` varchar(191) COLLATE utf8mb4_unicode_ci NOT NULL,
  `email_verified_at` timestamp NULL DEFAULT NULL,
  `password` varchar(191) COLLATE utf8mb4_unicode_ci NOT NULL,
  `remember_token` varchar(100) COLLATE utf8mb4_unicode_ci DEFAULT NULL,
  `created_at` timestamp NULL DEFAULT NULL,
  `updated_at` timestamp NULL DEFAULT NULL
) ENGINE=InnoDB DEFAULT CHARSET=utf8mb4 COLLATE=utf8mb4_unicode_ci;

--
-- Indexes for dumped tables
--

--
-- Indexes for table `migrations`
--
ALTER TABLE `migrations`
  ADD PRIMARY KEY (`id`);

--
-- Indexes for table `password_resets`
--
ALTER TABLE `password_resets`
  ADD KEY `password_resets_email_index` (`email`);

--
-- Indexes for table `products`
--
ALTER TABLE `products`
  ADD PRIMARY KEY (`id`);

--
-- Indexes for table `reviews`
--
ALTER TABLE `reviews`
  ADD PRIMARY KEY (`id`),
  ADD KEY `reviews_product_id_index` (`product_id`);

--
-- Indexes for table `users`
--
ALTER TABLE `users`
  ADD PRIMARY KEY (`id`),
  ADD UNIQUE KEY `users_email_unique` (`email`);

--
-- AUTO_INCREMENT for dumped tables
--

--
-- AUTO_INCREMENT for table `migrations`
--
ALTER TABLE `migrations`
  MODIFY `id` int(10) UNSIGNED NOT NULL AUTO_INCREMENT, AUTO_INCREMENT=5;

--
-- AUTO_INCREMENT for table `products`
--
ALTER TABLE `products`
  MODIFY `id` int(10) UNSIGNED NOT NULL AUTO_INCREMENT, AUTO_INCREMENT=101;

--
-- AUTO_INCREMENT for table `reviews`
--
ALTER TABLE `reviews`
  MODIFY `id` int(10) UNSIGNED NOT NULL AUTO_INCREMENT, AUTO_INCREMENT=301;

--
-- AUTO_INCREMENT for table `users`
--
ALTER TABLE `users`
  MODIFY `id` int(10) UNSIGNED NOT NULL AUTO_INCREMENT;

--
-- Constraints for dumped tables
--

--
-- Constraints for table `reviews`
--
ALTER TABLE `reviews`
  ADD CONSTRAINT `reviews_product_id_foreign` FOREIGN KEY (`product_id`) REFERENCES `products` (`id`) ON DELETE CASCADE;
COMMIT;

/*!40101 SET CHARACTER_SET_CLIENT=@OLD_CHARACTER_SET_CLIENT */;
/*!40101 SET CHARACTER_SET_RESULTS=@OLD_CHARACTER_SET_RESULTS */;
/*!40101 SET COLLATION_CONNECTION=@OLD_COLLATION_CONNECTION */;
